Time,Ipri_tank,ILm,I_Q1,I_Q2,I_Q3,I_Q4,I_Q5,I_Q6,I_Q7,I_Q8,VG_up,VG_down,Vout,Vds_Q2,V5,V6,V7,V8,V9,VG_up1,VG_down1
0.0019960099999921359,-2.7823376740343519,-3.123326536069726,-1.3911687801737571,1.3911688085954665,-0.34045682184569159,0.34046392016762184,-0.33075772165602757,0.3307648057671031,-0.3345610863902948,0.33456819181765241,0,0,44.457665083453485,76.55090204806524,-200.6877017300709,-33.085567431016628,-33.085567517206179,11.372097311980035,33.085567431016628,0,0
0.0019960149999921359,-2.8104681177865132,-3.1429388371861933,-1.4052340020498377,1.4052340304715472,-0.33216274886171959,0.33216985428907719,-0.32617487732977679,0.32618198986256175,-0.32856915055390346,0.32857626308668841,0,0,44.457524395128857,125.43906339726905,-121.61299345314646,-19.739800048346524,-19.739800131573659,24.717724014619584,19.739800048346524,0,0
0.0019960199999921359,-3.0566363591333356,-3.154661143867088,-1.5283179664038471,1.5283181653558131,-0.097859889081064466,0.097866980297567352,-0.094247646131861984,0.094254744453792227,-0.0957396508738384,0.095746749195768643,0,0,44.457383707249633,176.72494043820271,-71.026665197475239,-11.207464186521559,-11.207464211585485,33.249919422868182,11.207464186521559,0,0
0.0019960249999921359,-3.0670487376482924,-3.1619331366528058,-1.5335242551373085,1.5335243688241462,-0.094784262216762727,0.094791346327838255,-0.092223487513365399,0.092230571624440927,-0.093319748373232869,0.093326846695163113,0,0,44.457243019815479,230.25365517291453,-48.478367710523791,-7.3850189426448889,-7.3850189661748509,37.072223982386333,7.3850189426448889,0,0
0.0019960299999921358,-2.836499220393307,-3.1647781219279469,-1.4182494396663969,1.4182495533532347,-0.32831705709668313,0.32832416252404073,-0.32813951378329875,0.32814660499980164,-0.32831993479476296,0.32832704022212056,0,0,44.457102332826381,281.85809409079053,1.725047241617399,1.0099895663165706,1.009989483599782,45.467091570825893,-1.0099895663165706,0,0
0.0019960349999921358,-2.81996835838072,-3.1597127829741112,-1.4099842360337789,1.40998417919036,-0.33999811677176695,0.34000520088284247,-0.34363821299621122,0.34364531131814147,-0.34233853796195035,0.34234562207302588,0,0,44.456961646282657,331.30273964719652,81.51677235152718,14.270352121762688,14.270352037001564,58.727313428047232,-14.270352121762688,0,0
0.0019960399999921358,-3.0437537930083636,-3.1465426104659855,-1.5218767543956346,1.5218768680824724,-0.10318268550690846,0.1031897838288387,-0.10940613037746516,0.1094132286993954,-0.10709325692914717,0.10710036235650477,0,0,44.456820960184345,382.55905099465997,134.91663164233756,23.063762556958611,23.063762530999593,67.520583413960267,-23.063762556958611,0,0
0.0019960449999921357,-3.0526333034686104,-3.1287674318036807,-1.526316509625758,1.5263166233125958,-0.076581308405820891,0.07658839251689642,-0.083917960580492945,0.083925051796995831,-0.081154119868642738,0.081161218190572981,0,0,44.456680274531116,435.84914625911529,157.19353255775928,26.630649292472796,26.630649273950496,71.087329490422604,-26.630649292472796,0,0
0.0019960499999921357,-2.7991550268779974,-3.1067828274444764,-1.3995772292219044,1.3995774565955799,-0.30819357021982796,0.30820066143633085,-0.31783061871237805,0.31783770282345358,-0.31415133605605661,0.31415842727255949,0,0,44.456539589322915,487.00114009926978,204.0924584589111,34.265212625032021,34.265212547800338,78.721751906161373,-34.265212625032021,0,0
0.0019960549999921357,-2.8535393994388869,-3.0768245267154271,-1.4267693586589303,1.4267696428760246,-5.9827698351000436e-06,0.44807088528386885,-0.005849415174452588,0.46858306035346686,-0.00066511063323559938,0.46358015737268943,0,0,44.456393932613089,537.11261583059809,276.33869003140876,46.056541067202566,46.056399309456445,90.512934999809673,-46.056541067202566,0,0
0.0019960599999921357,-2.9155117431400868,-3.043193714802328,-2.9155116862966679,-5.6843418860808015e-08,6.6506800067145377e-06,0.25687721461054025,6.7288397076481488e-06,0.28323275813590953,6.6506800067145377e-06,0.27304551508677832,0,0,44.456265202230313,535.7500349861416,276.33740106054597,46.056256634970993,46.056268284757309,90.51252183720797,-46.056256634970993,0,0
0.0019960649999921356,-2.9181006198086834,-3.0101448373898165,-3.0139951263663534,-0.095894449714251095,0.080727652118639526,0.26627036220361333,0.080718940864699107,0.29170294624236703,0.080722301731839252,0.28187245959543361,1,0,44.456133682517091,534.07775034642464,266.75163021223,44.458516148851388,44.458493503416186,88.914649912096138,-44.458516148851388,0,0
0.0019960699999921356,-2.8612190021704009,-2.9776813335047336,-2.8612604978661693,-4.1552539187250659e-05,-2.7569058147491887e-06,0.234376216212695,-2.7569058147491887e-06,0.25981699991461937,-2.7640112421067897e-06,0.24998334424708446,1,0,44.45600184219402,534.07153541339699,266.74618697685588,44.457598764655366,44.457595777853335,88.913600606846629,-44.457598764655366,0,0
0.0019960749999921356,-2.8038405162078561,-2.9452177727762319,-2.803880988722085,-4.0472514228895307e-05,-1.1795009413617663e-06,0.28420757303138089,-1.1652900866465643e-06,0.30964847042014298,-1.1723955140041653e-06,0.29981477212004393,1,0,44.455871395323378,534.07010084017577,266.74743924173168,44.457807328243234,44.457804231920733,88.913678723565425,-44.457807328243234,0,0
0.0019960799999921355,-2.7458092404231138,-2.9127540130957641,-2.7458517024570028,-4.2462033889023587e-05,-3.3892888495756779e-06,0.3353404736117227,-3.3821834222180769e-06,0.36078152021445931,-3.3892888495756779e-06,0.35094777217636874,1,0,44.455742841932874,534.0686501000032,266.74875577522226,44.458026577638591,44.458023432419779,88.913769419568084,-44.458026577638591,0,0
0.0019960849999921355,-2.6871406362261041,-2.8802901113067492,-2.6871819613916159,-4.1325165511807427e-05,-1.7905676941154525e-06,0.38775144872715828,-1.7905676941154525e-06,0.41319258059502317,-1.7976731214730535e-06,0.40335877571351375,1,0,44.455616230383797,534.06718327217686,266.75013625253195,44.458256518562095,44.458253265763133,88.913872748944101,-44.458256518562095,0,0
0.0019960899999921355,-2.6278504492438515,-2.8478260105657682,-2.6278937070856045,-4.3428372009657323e-05,-4.007461029686965e-06,0.44140148958149439,-4.000355602329364e-06,0.46684278487418851,-4.0216718844021671e-06,0.45700893736011494,1,0,44.455491607867387,534.06570105605601,266.75157901358034,44.458496812426944,44.458493516412304,88.913988420290323,-44.458496812426944,0,0
0.0019960949999921354,-2.5679544251033803,-2.8153617677162401,-2.5679966597635939,-4.2234660213580355e-05,-2.4300561562995426e-06,0.4962665869356897,-2.4229507289419416e-06,0.52170803144235833,-2.4371615836571436e-06,0.51187411287401119,1,0,44.455369020392581,534.06420354120723,266.7530837156566,44.458747466061311,44.458744064480747,88.914116486451462,-44.458747466061311,0,0
0.0019960999999921354,-2.5074685368053906,-2.782897325914746,-2.5075125904550077,-4.4167336454847828e-05,-4.6185277824406512e-06,0.5523072772462001,-4.6114223550830502e-06,0.57774884965056117,-4.6256332097982522e-06,0.56791488134422252,1,0,44.455248512777182,534.06269143003419,266.75464864258987,44.459008127881155,44.459004688820571,88.914256640653718,-44.459008127881155,0,0
0.0019961049999921354,-2.4464088710374199,-2.7504326851612859,-2.4464519015054975,-4.3087311496492475e-05,-3.0411229090532288e-06,0.60949894731265886,-3.0411229090532288e-06,0.63494069024727651,-3.0482283364108298e-06,0.62510665799209164,1,0,44.455130128638174,534.06116482191135,266.75627343905217,44.459278805905825,44.459275263364646,88.914408934540944,-44.459278805905825,0,0
0.0019961099999921354,-2.3847915144870058,-2.7179678454558598,-2.3848365344747435,-4.5019987737759948e-05,-5.2153836804791354e-06,0.66780172147673511,-5.2082782531215344e-06,0.69324362073075463,-5.2224891078367364e-06,0.6834095316321509,1,0,44.455013910383336,534.0596244219023,266.75795633301834,44.459559135802607,44.459555561567463,88.91457304618072,-44.459559135802607,0,0
0.0019961149999921353,-2.322632894902199,-2.6855027783767582,-2.3226767211781407,-4.3826275941682979e-05,-3.637978807091713e-06,0.72719046784186503,-3.6308733797341119e-06,0.75263253762614113,-3.652189661806915e-06,0.74279837747326383,1,0,44.454899899200903,534.05807033872145,266.75969695536503,44.45984912696769,44.459845451404028,88.914749026164955,-44.45984912696769,0,0
0.0019961199999921353,-2.2599493263442127,-2.6530375123456906,-2.259994971609558,-4.5758952182950452e-05,-5.7909232964448165e-06,0.78762489152950366,-5.7909232964448165e-06,0.8130671389494637,-5.7980287238024175e-06,0.80323292195316753,1,0,44.454788135052617,534.0565032797025,266.76149348109851,44.460148402545229,44.460144701119688,88.914936537592055,-44.460148402545229,0,0
0.0019961249999921353,-2.1967574639347731,-2.620572047362657,-2.19680202917516,-4.4622083805734292e-05,-4.2206238504149951e-06,0.84907937747402684,-4.2135184230573941e-06,0.87452178121338875,-4.2206238504149951e-06,0.86468747184653694,1,0,44.454678656663653,534.05492336242969,266.76334552747221,44.460456973470045,44.460453172930826,88.91513563012947,-44.460456973470045,0,0
0.0019961299999921352,-2.1330737354219309,-2.5881063265842386,-2.1331200059648836,-4.638422979041934e-05,-6.3522520576952957e-06,0.91151324710381232,-6.3593574850528967e-06,0.93695583558428552,-6.3664629124104977e-06,0.92712146937401485,1,0,44.454571501516973,534.05333129611017,266.76525121936453,44.460774450588346,44.460770630061411,88.91534595209896,-44.460774450588346,0,0
0.0019961349999921352,-2.0689149096142501,-2.5556403784321446,-2.0689601569756633,-4.5304204832063988e-05,-4.7819526116654743e-06,0.97490047323844919,-4.7819526116654743e-06,1.0003432677763158,-4.7890580390230753e-06,0.99050883051177152,1,0,44.454466705844531,534.05172720672408,266.76721016292021,44.461100846517084,44.461096929150266,88.915567552356833,-44.461100846517084,0,0
0.0019961399999921352,-2.0042979258505511,-2.5231741460629564,-2.0043448785145301,-4.7066350816749036e-05,-6.9135808189457748e-06,1.0392000007186653,-6.9135808189457748e-06,1.0646429728922158,-6.9206862463033758e-06,1.0548084574679706,1,0,44.454364304620242,534.05011180495353,266.76922042953112,44.461435760132645,44.461431828688362,88.91580006474598,-44.461435760132645,0,0
0.0019961449999921351,-1.939239552939398,-2.4907077147418022,-1.9392854824218375,-4.5929482439532876e-05,-5.3361759455583524e-06,1.1043854186709723,-5.3432813729159534e-06,1.1298285826910615,-5.3432813729159534e-06,1.1199940104233974,1,0,44.454264331552437,534.04848522469524,266.77128161711551,44.461779205869846,44.461775179915094,88.916043537416954,-44.461779205869846,0,0
0.0019961499999921351,-1.8737569007498678,-2.4582410276252631,-1.8738044218480354,-4.7634785005357116e-05,-7.4393824434082489e-06,1.170415352191867,-7.4322770160506479e-06,1.1958587293747769,-7.4393824434082489e-06,1.1860240789474119,1,0,44.454166819079134,534.04684817770305,266.77339174819849,44.46213077084937,44.462126736759757,88.916297589921072,-44.46213077084937,0,0
0.0019961549999921351,-1.807866908620781,-2.4257740847133391,-1.8079134065374092,-4.6497916628140956e-05,-5.8761884247360285e-06,1.2372630067147838,-5.8690829973784275e-06,1.2627065757442324,-5.8832938520936295e-06,1.2528718542625938,1,0,44.454071798359287,534.04520080530961,266.77555040959624,44.462490471542374,44.462486345322333,88.916562269895792,-44.462490471542374,0,0
0.0019961599999921351,-1.7415867432646337,-2.3933068575843208,-1.7416348896404088,-4.8260062612826005e-05,-7.9580786405131221e-06,1.304886758646262,-7.9580786405131221e-06,1.330330555049386,-7.9509732131555211e-06,1.3204957411971918,1,0,44.453979299269406,534.04354381993335,266.77775557819228,44.462857883556374,44.462853755172013,88.916837182817829,-44.462857883556374,0,0
0.001996164999992135,-1.6749336850807595,-2.3608393462382082,-1.6749806945881573,-4.7123194235609844e-05,-6.4019900491985027e-06,1.3732594510429408,-6.3948846218409017e-06,1.3987034606088855,-6.4090954765561037e-06,1.388868561491563,1,0,44.453889350396295,534.04187736986012,266.780006832266,44.46323302555048,44.463228807462741,88.917122375940366,-44.46323302555048,0,0
0.001996169999992135,-1.6079249576250731,-2.3283716075184202,-1.6079735587481991,-4.8714809963712469e-05,-8.4554585555451922e-06,1.4423392471485386,-8.4483531281875912e-06,1.4677834840881587,-8.4625639829027932e-06,1.4579485068111353,1,0,44.453801979033173,534.04020216776291,266.78230210209119,44.463615461934509,44.463611247675587,88.917417440959213,-44.463615461934509,0,0
0.001996174999992135,-1.540578011827165,-2.2959035561598284,-1.5406254192384949,-4.7577941586496308e-05,-6.8922645368729718e-06,1.5120986844863182,-6.8922645368729718e-06,1.5375431203779044,-6.8993699642305728e-06,1.5277080365194706,1,0,44.45371721117283,534.03851836839533,266.78464095822403,44.464005213721542,44.46400091222926,88.917722424887472,-44.464005213721542,0,0
0.0019961799999921349,-1.4729101849297876,-2.2634351921624329,-1.4729592976436834,-4.9169557314598933e-05,-8.9386276158620603e-06,1.5824956989263228,-8.9315221885044593e-06,1.6079403835078665,-8.9386276158620603e-06,1.5981052285951591,1,0,44.453635071505644,534.03682668427291,266.78702128841894,44.464401834361155,44.464397542709413,88.918036905857861,-44.464401834361155,0,0
0.0019961849999921349,-1.4049388710191124,-2.230966600791362,-1.4049869037080498,-4.8032688937382773e-05,-7.3754335971898399e-06,1.6535025935127123,-7.3754335971898399e-06,1.6789474983625041,-7.3825390245474409e-06,1.6691122439738137,1,0,44.453555583413163,534.03512727613031,266.78944265596306,44.464805347410014,44.464800971033426,88.918360930815794,-44.464805347410014,0,0
0.0019961899999921349,-1.3366816347115673,-2.1984976683597779,-1.3367312590162328,-4.9567461246624589e-05,-9.3933749667485245e-06,1.7250771406907006,-9.3862695393909235e-06,1.7505222800195952,-9.4004803941061255e-06,1.7406869474712039,1,0,44.453478768965823,534.03342085591044,266.79190290572035,44.465215295670291,44.465210935159405,88.91869406462672,-44.465215295670291,0,0
0.0019961949999921349,-1.2681560974669992,-2.16602842328939,-1.2682044712164497,-4.8430592869408429e-05,-7.8443918027915061e-06,1.7971913663927808,-7.830180948076304e-06,1.8226367402007781,-7.8443918027915061e-06,1.8128013081764038,1,0,44.453404648918116,534.03170758984174,266.79440159691666,44.465631705385043,44.465627262692905,88.919036354295315,-44.465631705385043,0,0
0.0019961999999921348,-1.1993798239018361,-2.1335588940019079,-1.199429675580177,-4.9908521759789437e-05,-9.8339114629197866e-06,1.8698029791153203,-9.8339114629197866e-06,1.8952485874024205,-9.8481223176349886e-06,1.8854130701129179,1,0,44.453333242706869,534.02998818887909,266.79693653263149,44.466054109004844,44.466049688212053,88.919387351701886,-44.466054109004844,0,0
0.0019962049999921348,-1.130370321789087,-2.101089052075622,-1.130418922912213,-4.8771653382573277e-05,-8.2920337263203692e-06,1.942883777417137,-8.2849282989627682e-06,1.96832962018334,-8.2920337263203692e-06,1.958493996312427,1,0,44.453264568446436,534.02826282425599,266.79950726805566,44.466482535654109,44.466478035254177,88.919747104092252,-44.466482535654109,0,0
0.0019962099999921348,-1.0611453831188555,-2.068618869088823,-1.0611954621708719,-5.0249582272954285e-05,-1.0253131677018246e-05,2.0163913987403248,-1.0246026249660645e-05,2.04183750440734,-1.0253131677018246e-05,2.032001781060444,1,0,44.453198642928726,534.02653220552156,266.80211156835554,44.466916507690996,44.46691203522856,88.920115150609462,-44.466916507690996,0,0
0.0019962149999921347,-0.99172262935098843,-2.0361484018849296,-0.9917716852214653,-4.9055870476877317e-05,-8.7112539404188283e-06,2.0902974426917353,-8.7041485130612273e-06,2.1157438041541354,-8.7112539404188283e-06,2.1059080097529659,1,0,44.453135481618972,534.02479650842713,266.80474898559373,44.467356057300563,44.467351507831509,88.920491538910824,-44.467356057300563,0,0
0.0019962199999921347,-0.92211979563217028,-2.0036775936205231,-0.92217015890128096,-5.0476955948397517e-05,-1.0643930181686301e-05,2.1645595253971806,-1.06368247543287e-05,2.1900061355495382,-1.0651035609043902e-05,2.1801702274615309,1,0,44.453075098654843,534.02305644069747,266.80741724497517,44.467800697099698,44.467796181604918,88.920875795743896,-44.467800697099698,0,0
0.0019962249999921347,-0.85235467395250453,-1.9712064727173129,-0.85240390035323799,-4.9226400733459741e-05,-9.1020524450868834e-06,2.2391491398821017,-9.0949470177292824e-06,2.2645960058298442,-9.1091578724444844e-06,2.2547600124767087,1,0,44.453017506844141,534.02131218211321,266.81011590004033,44.468250462472319,44.468245872594622,88.921267969307365,-44.468250462472319,0,0
0.0019962299999921346,-0.78244488577183802,-1.9387350107535894,-0.78249564694488072,-5.0704329623840749e-05,-1.1013412404281553e-05,2.3140238383234646,-1.1013412404281553e-05,2.339470981382874,-1.1027623258996755e-05,2.3296348672374734,1,0,44.452962717665308,534.01956443815811,266.81284263861846,44.46870485657513,44.468700306702679,88.921667574229417,-44.46870485657513,0,0
0.0019962349999921346,-0.71240827992369304,-1.9062632077293529,-0.71245773369810195,-4.9510617827763781e-05,-9.4644292403245345e-06,2.3891550497978642,-9.4644292403245345e-06,2.4146024344418038,-9.4715346676821355e-06,2.4047662279258475,1,0,44.452910741264205,534.01781339215404,266.81559701366183,44.469163918218413,44.469159296604957,88.922074659473154,-44.469163918218413,0,0
0.0019962399999921346,-0.64226259155475418,-1.8737910920663126,-0.64231329588437802,-5.0818016461562365e-05,-1.1368683772161603e-05,2.4645003477985483,-1.1368683772161603e-05,2.4899480095541549,-1.1382894626876805e-05,2.4801116893513608,1,0,44.452861586456464,534.01605974692495,266.81837667998383,44.469627141359197,44.469622565772276,88.922488727804293,-44.469627141359197,0,0
0.0019962449999921346,-0.572025555811706,-1.8413186353427591,-0.57207506642953376,-4.9624304665485397e-05,-9.8339114629197866e-06,2.5400311116641205,-9.8268060355621856e-06,2.565479029215112,-9.8339114629197866e-06,2.5556426024309076,1,0,44.452815260724677,534.0143036888503,266.82118119058009,44.470094568433126,44.470089923760852,88.922909829147954,-44.470094568433126,0,0
0.0019962499999921345,-0.50171485099781421,-1.808845809136983,-0.50176572585769463,-5.0931703299283981e-05,-1.1688428003253648e-05,2.6157049859421022,-1.1688428003253648e-05,2.6411531734993332,-1.170263885796885e-05,2.6313166543445732,1,0,44.45277177022102,534.01254591767633,266.82400816784008,44.470565684529234,44.470561091889948,88.923337454738572,-44.470565684529234,0,0
0.0019962549999921345,-0.43134832594660111,-1.7763726702924032,-0.43139795025126659,-4.9681148084346205e-05,-1.0153655694011832e-05,2.6914933002331054,-1.0153655694011832e-05,2.716941757796576,-1.0160761121369433e-05,2.7071051249549782,1,0,44.452731119765666,534.01078662235477,266.82685716739695,44.47104053585808,44.471035876799526,88.923771655613592,-44.47104053585808,0,0
0.0019962599999921345,-0.36094360211791354,-1.7438991335438914,-0.3609944201343751,-5.0931703299283981e-05,-1.2001066806988092e-05,2.7673538056660618,-1.2001066806988092e-05,2.7928025545520541,-1.2001066806988092e-05,2.7829658293399007,1,0,44.452693312849668,534.00902649913905,266.82972578004478,44.471518598964728,44.471513997925641,88.924211911802388,-44.471518598964728,0,0
0.0019962649999921344,-0.29051852834527381,-1.7114252841565758,-0.29056832318019588,-4.9681148084346205e-05,-1.0473399925103877e-05,2.8432578247361562,-1.0466294497746276e-05,2.868706843628388,-1.0473399925103877e-05,2.8588699976239695,1,0,44.452658351633836,534.00726573907173,266.83261356484797,44.471999924031806,44.471995259245581,88.924658275655162,-44.471999924031806,0,0
0.0019962699999921344,-0.22009072608852875,-1.6789510937087471,-0.22014160094840918,-5.0988546718144789e-05,-1.2292389328649733e-05,2.9191633004188589,-1.2285283901292132e-05,2.944612603528185,-1.2292389328649733e-05,2.9347756509423562,1,0,44.45262623695276,534.00550503449836,266.83551808371942,44.472483979350621,44.472479378546275,88.925110216291088,-44.472483979350621,0,0
0.0019962749999921344,-0.14967775996410637,-1.6464765337786957,-0.149727327425353,-4.9737991503207013e-05,-1.0757617019407917e-05,2.9950416049473461,-1.0743406164692715e-05,3.0204911709574844,-1.0771827874123119e-05,3.0106541117902452,1,0,44.452596968314623,534.0037445780722,266.83843890099848,44.472970819256872,44.472966157379531,88.925567787560738,-44.472970819256872,0,0
0.0019962799999921343,-0.079297365118691232,-1.6140016043664218,-0.079348296821990516,-5.0874859880423173e-05,-1.2541079286165768e-05,3.0708507807730712,-1.2541079286165768e-05,3.0963006167894491,-1.2548184713523369e-05,3.0864634510407996,1,0,44.452570543905381,534.00198505781998,266.84137355036853,44.473459904122421,44.473455312160198,88.926030448015268,-44.473459904122421,0,0
0.0019962849999921343,-0.0089671061687113252,-1.5815263338936347,-0.0090166736299579497,-4.9624304665485397e-05,-1.1013412404281553e-05,3.1465623067106208,-1.1006306976923952e-05,3.1720124411549477,-1.1013412404281553e-05,3.1621751688248878,1,0,44.452546960589487,534.00022666752966,266.84432160327191,44.473951292603481,44.473946642240861,88.926498253181961,-44.473951292603481,0,0
0.0019962899999921343,0.06129550911282422,-1.5490507223603345,0.061244747939781519,-5.0761173042701557e-05,-1.2768452961609e-05,3.2221344881122604,-1.2775558388966601e-05,3.2475848996682544,-1.2782663816324202e-05,3.2377475207567841,1,0,44.452526213914545,533.99847009049813,266.84728056620236,44.4744444374859,44.474439862937501,88.926970651387677,-44.4744444374859,0,0
0.0019962949999921343,0.13147291610948741,-1.5165746845013928,0.13142340549165965,-4.9567461246624589e-05,-1.1247891507082386e-05,3.2975388606359957,-1.1240786079724785e-05,3.3229895706199386,-1.1254996934439987e-05,3.3131520709162032,1,0,44.452508298112456,533.99671552117604,266.85025001885197,44.474939401935629,44.474934771653594,88.927447700036836,-44.474939401935629,0,0
0.0019962999999921342,0.20154772073510685,-1.4840983340036473,0.20149707324890187,-5.0590642786119133e-05,-1.2967404927621828e-05,3.372734006745759,-1.2974510354979429e-05,3.3981849583142321,-1.298161578233703e-05,3.3883473591345137,1,0,44.452493206104961,533.99496363772323,266.85322744265557,44.475435631456968,44.475431082850093,88.927928837548961,-44.475435631456968,0,0
0.0019963049999921342,0.2715024152166734,-1.4516216424453887,0.27145313197252108,-4.9340087571181357e-05,-1.1461054327810416e-05,3.4476915828918209,-1.1453948900452815e-05,3.473142832888243,-1.1461054327810416e-05,3.4633051271271142,1,0,44.452480929505874,533.99321463478418,266.8562124278082,44.475933193901021,44.475928592217514,88.928414123395441,-44.475933193901021,0,0
0.0019963099999921342,0.34131977599827223,-1.4191445245614887,0.3412693558857427,-5.0420112529536709e-05,-1.3166356893634656e-05,3.5223704486497809,-1.3152146038919454e-05,3.5478220041795794,-1.3159251466277055e-05,3.5379841918370403,1,0,44.452471458627535,533.991469184979,266.85920243264422,44.476431527808501,44.476427013618263,88.92890298642287,-44.476431527808501,0,0
0.0019963149999921341,0.41098252268056967,-1.3866670940387849,0.41093335312325507,-4.9112713895738125e-05,-1.163158458439284e-05,3.5967425162652944,-1.1624479157035239e-05,3.6221943418013325,-1.1638690011750441e-05,3.6123564086665283,1,0,44.452464782482011,533.98972748268079,266.86219705585319,44.476930705944078,44.476926141320021,88.929395488414457,-44.476930705944078,0,0
0.0019963199999921341,0.48047337486423203,-1.3541892940338585,0.48042318212537793,-5.0192738854093477e-05,-1.3308465440786676e-05,3.6707669011093458,-1.3308465440786676e-05,3.6962190108624782,-1.3322676295501878e-05,3.6863809569354089,1,0,44.452460888789275,533.98799019457033,266.86519373679863,44.477430160171949,44.47742568881246,88.929891048947908,-44.477430160171949,0,0
0.0019963249999921341,0.54977516583676334,-1.321711096125,0.54972639418338076,-4.8885340220294893e-05,-1.1795009413617663e-05,3.7444157143795564,-1.1795009413617663e-05,3.7698681083497831,-1.1802114840975264e-05,3.7600299478413035,1,0,44.452459763979796,533.98625751428983,266.86819208531023,44.477929968339559,44.477925449170982,88.93038973230756,-44.477929968339559,0,0
0.001996329999992134,0.61887089941592421,-1.2892325571556285,0.61882093405074556,-4.9908521759789437e-05,-1.3443468560581096e-05,3.8176484693508428,-1.3450573987938697e-05,3.8431011546435911,-1.3450573987938697e-05,3.8332628804482738,1,0,44.452461393202441,533.984530102186,266.8711895216407,44.47842955598049,44.478425135796364,88.930890949169481,-44.47842955598049,0,0
0.001996334999992134,0.68774357941947528,-1.2567536487040343,0.68769503513976815,-4.8544279707130045e-05,-1.1930012533412082e-05,3.890437511699929,-1.1930012533412082e-05,3.915890488315199,-1.1937117960769683e-05,3.9060521146438987,1,0,44.452465760327918,533.98280815071496,266.8741856687443,44.478929006190249,44.478924540800115,88.93139476650623,-44.478929006190249,0,0
0.001996339999992134,0.75637626650859602,-1.2242743707702175,0.75632681273418711,-4.9510617827763781e-05,-1.3557155398302712e-05,3.9627427312893815,-1.3550049970945111e-05,3.9881959921217458,-1.3550049970945111e-05,3.9783575047636077,1,0,44.452472847956756,533.98109231349827,266.8771779278232,44.479427738530134,44.479423377787768,88.931900586473333,-44.479427738530134,0,0
0.001996344999992134,0.82475213503130362,-1.1917947517758876,0.82470404549894738,-4.8203219193965197e-05,-1.2029488516418496e-05,4.0345367793293008,-1.2029488516418496e-05,4.0599903385896141,-1.2036593943776097e-05,4.0501517446500657,1,0,44.452482637423792,533.97938278135859,266.8801659375867,44.479925841504688,44.47992143813439,88.932408478916443,-44.479925841504688,0,0
0.0019963499999921339,0.89285452986587188,-1.159314763299335,0.89280536030855728,-4.9169557314598933e-05,-1.361399881716352e-05,4.1057799364807579,-1.3621104244521121e-05,4.1312337799581655,-1.3621104244521121e-05,4.1213950865426341,1,0,44.452495108807597,533.97768020080616,266.88314708355153,44.48042272899454,44.480418435874952,88.932917837788523,-44.48042272899454,0,0
0.0019963549999921339,0.96066673904715572,-1.1268343769188505,0.96061893373189378,-4.7805315261939541e-05,-1.2107648217352107e-05,4.1764451594872298,-1.2107648217352107e-05,4.2018992729708771,-1.2121859072067309e-05,4.1920604658685079,1,0,44.452510240934259,533.97598476058602,266.88612101838709,44.480918495138987,44.480914161939943,88.933428736061131,-44.480918495138987,0,0
0.0019963599999921339,1.0281722211402666,-1.0943536494778527,1.0281236200171406,-4.8714809963712469e-05,-1.3656631381309126e-05,4.24649323349513,-1.3656631381309126e-05,4.2719476596175809,-1.3663736808666727e-05,4.262108738828374,1,0,44.452528011388068,533.97429709971789,266.88908511550028,44.48141254844235,44.481408331032739,88.933940559816762,-44.48141254844235,0,0
0.0019963649999921338,1.0953546620839916,-1.0618725525546324,1.0953073683594994,-4.7350567911053076e-05,-1.2157386208855314e-05,4.315897427886739,-1.2150280781497713e-05,4.3413521026991475,-1.2164491636212915e-05,4.3315130682231029,1,0,44.452548396516072,533.97261740443355,266.89203904282522,44.481904988849308,44.481900733875442,88.934453385353223,-44.481904988849308,0,0
0.0019963699999921338,1.1621976909736986,-1.0293911145708989,1.1621494877545047,-4.8203219193965197e-05,-1.368505309073953e-05,4.3846190109775307,-1.368505309073953e-05,4.4100739629016061,-1.3699263945454732e-05,4.4002348360550059,1,0,44.452571371438871,533.97094630588742,266.8949801622295,44.482395219833343,44.482391086118831,88.934966591258529,-44.482395219833343,0,0
0.0019963749999921338,1.2286849937481747,-0.99690933552665228,1.22863832530129,-4.6838977141305804e-05,-1.2178702490928117e-05,4.4526316500537177,-1.2171597063570516e-05,4.4780869004057422,-1.2178702490928117e-05,4.4682476456614495,1,0,44.452596910056741,533.96928398736827,266.89790816068614,44.482883347278957,44.482879178479294,88.935480257323519,-44.482883347278957,0,0
0.0019963799999921338,1.2948006542501389,-0.96442718700018304,1.2947529057782958,-4.7634785005357116e-05,-1.3670842236024328e-05,4.5198971179161163,-1.3670842236024328e-05,4.5453526311689529,-1.3677947663381929e-05,4.5355132698432499,1,0,44.452624985059991,533.96763107179811,266.90082038756447,44.483368769989589,44.483364727845583,88.935993755035909,-44.483368769989589,0,0
0.0019963849999921337,1.3605285857920535,-0.9319446689914912,1.3604823152491008,-4.6270542952697724e-05,-1.2185807918285718e-05,4.5863894726494436,-1.2171597063570516e-05,4.6118452630139473,-1.2185807918285718e-05,4.6020058093176885,1,0,44.452655567935494,533.96598773909932,266.90371654998773,44.483851599973633,44.483847525183521,88.936507167896934,-44.483851599973633,0,0
0.0019963899999921337,1.4258529859034752,-0.89946180992228619,1.4258058058658207,-4.7066350816749036e-05,-1.3635315099236323e-05,4.6520710910158414,-1.3628209671878722e-05,4.6775271584920119,-1.3635315099236323e-05,4.6676875911089155,1,0,44.452688628978535,533.96435460360044,266.90659398850482,44.484331231655275,44.484327288840177,88.937019860620182,-44.484331231655275,0,0
0.0019963949999921337,1.4907581089573796,-0.86697860979256802,1.4907124636920344,-4.5758952182950452e-05,-1.2157386208855314e-05,4.7169164076876768,-1.2150280781497713e-05,4.7423727664863691,-1.2164491636212915e-05,4.7325330854164349,1,0,44.452724137299441,533.96273184144297,266.90945243067256,44.484807783348657,44.484803810282763,88.937531920635934,-44.484807783348657,0,0
0.0019963999999921336,1.5552283230135799,-0.83449506860233669,1.5551819956272084,-4.6441073209280148e-05,-1.3571366253017914e-05,4.7808884460209811,-1.3564260825660313e-05,4.8063450392987761,-1.3578471680375515e-05,4.7965052516474316,1,0,44.452762060836044,533.9611200580074,266.91228920965864,44.485280645425284,44.485276809572611,88.938042706247757,-44.485280645425284,0,0
0.0019964049999921336,1.6192482803489838,-0.80201115792988276,1.6192033740480838,-4.5076831156620756e-05,-1.2093437362636905e-05,4.8439620741191902,-1.2086331935279304e-05,4.8694189729303616,-1.2093437362636905e-05,4.8595790929084615,1,0,44.452802366361539,533.95951942524812,266.91510407645285,44.485749942645931,44.485746078891232,88.938552308995384,-44.485749942645931,0,0
0.0019964099999921336,1.6828026900839177,-0.76952693461862509,1.6827569879751536,-4.5758952182950452e-05,-1.34718902700115e-05,4.906100905088806,-1.34718902700115e-05,4.9315580668007897,-1.3493206552084303e-05,4.9217180944083339,1,0,44.452845019496777,533.95793053925115,266.91789435680994,44.486215061682387,44.486211340293451,88.939060081165692,-44.486215061682387,0,0
0.0019964149999921335,1.7458762044952891,-0.7370423134034354,1.74583175294174,-4.4451553549151868e-05,-1.1993961379630491e-05,4.9672803328348891,-1.1993961379630491e-05,4.9927377503422576,-1.2001066806988092e-05,4.9828976642629641,1,0,44.452889984717459,533.95635356738387,266.92065982373322,44.486676133942055,44.486672386949152,88.939566118647519,-44.486676133942055,0,0
0.0019964199999921335,1.8084539306073566,-0.70455740797115141,1.8084088537762,-4.5019987737759948e-05,-1.3358203432289883e-05,5.027464602846976,-1.3351098004932282e-05,5.0529222903605842,-1.3365308859647484e-05,5.0430821048053076,1,0,44.452937225369283,533.95478909609869,266.92339780234545,44.487132542640076,44.487128943077472,88.940069767995993,-44.487132542640076,0,0
0.0019964249999921335,1.8705209754443786,-0.67207216147835425,1.8704773196986935,-4.3655745685100555e-05,-1.1887379969266476e-05,5.086629656148034,-1.1894485396624077e-05,5.1120876065624543,-1.1901590823981678e-05,5.1022473215311948,1,0,44.452986703675691,533.95323728778681,266.92610808885968,44.48758442599339,44.487580803070955,88.940571129657201,-44.48758442599339,0,0
0.0019964299999921335,1.9320625597174512,-0.63958660234675335,1.9320182786941587,-4.4281023292569444e-05,-1.3216094885137863e-05,5.1447404061377711,-1.3216094885137863e-05,5.1701985839258668,-1.3223200312495464e-05,5.1603581994186243,1,0,44.453038380751174,533.95169871893722,266.92878800418947,44.488031164158073,44.488027693637292,88.941069544896038,-44.488031164158073,0,0
0.0019964349999921334,1.9930641315113462,-0.60710070215463929,1.993021328416944,-4.2859937821049243e-05,-1.1731060567399254e-05,5.2017733267462063,-1.1723955140041653e-05,5.2272317603296869,-1.1731060567399254e-05,5.2173912905573161,1,0,44.453092216610912,533.95017354658228,266.93143737207663,44.488472902273088,44.488469410580102,88.941565118872262,-44.488472902273088,0,0
0.0019964399999921334,2.0535113662845106,-0.5746144893237215,2.0534679379125009,-4.3542058847378939e-05,-1.3038459201197838e-05,5.2576940348103562,-1.3031353773840237e-05,5.2831527170837944,-1.3045564628555439e-05,5.2733121407300132,1,0,44.453148170185862,533.94866233692574,266.93405351341852,44.488909017712309,44.488905683296316,88.942057187885126,-44.488909017712309,0,0
0.0019964449999921334,2.1133899394953914,-0.54212793543229054,2.1133479322088533,-4.2120973375858739e-05,-1.1567635738174431e-05,5.3124795940107106,-1.1567635738174431e-05,5.3379385320795336,-1.1581846592889633e-05,5.3280978633551968,1,0,44.453206199331227,533.94716524126966,266.93663627696179,44.489339662741216,44.489336309280219,88.942545862060882,-44.489339662741216,0,0
0.0019964499999921333,2.1726858108195302,-0.50964112574547471,2.1726432350988034,-4.2689407564466819e-05,-1.2832401807827409e-05,5.3660963672541584,-1.2832401807827409e-05,5.3915555398020842,-1.283950723518501e-05,5.381714764496337,1,0,44.453266260842099,533.94568281521856,266.93918298554729,44.48976421227222,44.489761020863781,88.943030473101487,-44.48976421227222,0,0
0.0019964549999921333,2.231384996775887,-0.47715397499814571,2.2313438989840506,-4.1211478674085811e-05,-1.1361578344804002e-05,5.4185219795499506,-1.1368683772161603e-05,5.4439814149986887,-1.1375789199519204e-05,5.4341405686386679,1,0,44.45332831046327,533.94421520398248,266.94169351579103,44.490182825820092,44.490179617430904,88.943511136272008,-44.490182825820092,0,0
0.0019964599999921333,2.2894739117873542,-0.44466651161201298,2.289432302404748,-4.1836756281554699e-05,-1.2597922705026576e-05,5.4697235825074131,-1.2597922705026576e-05,5.495183252435254,-1.2605028132384177e-05,5.4853423065992502,1,0,44.453392302904788,533.94276295226268,266.94416519269566,44.490594876165581,44.490591834500933,88.943987179057771,-44.490594876165581,0,0
0.0019964649999921332,2.3469388565899862,-0.41217873558707652,2.3468986114494328,-4.0358827391173691e-05,-1.1148415524075972e-05,5.5196794335188315,-1.1141310096718371e-05,5.545139295293211,-1.1148415524075972e-05,5.5352982712975063,1,0,44.453458191851723,533.94132619882373,266.94659792096536,44.491000530232739,44.490997473585338,88.944458722073307,-44.491000530232739,0,0
0.0019964699999921332,2.403766472980351,-0.37969070376675518,2.40372560256219,-4.0813574742060155e-05,-1.234212732015294e-05,5.5683574515796863,-1.234212732015294e-05,5.5938175620440234,-1.234212732015294e-05,5.5839764314669083,1,0,44.453525929981751,533.9399054771693,266.94898903288231,44.491399158920515,44.491396273563964,88.944925088889931,-44.491399158920515,0,0
0.0019964749999921332,2.4599436869721103,-0.3472023593076301,2.4599043513262586,-3.9392489270539954e-05,-1.0885514711844735e-05,5.6157365690978622,-1.0885514711844735e-05,5.6411969140413021,-1.0885514711844735e-05,5.6313556910936313,1,0,44.453595468975202,533.93850091927641,266.95133846137844,44.491790936726481,44.491788038315768,88.945386405690797,-44.491790936726481,0,0
0.0019964799999921332,2.5154573108920886,-0.31471373063141073,2.5154174068120483,-3.9960923459148034e-05,-1.2050804798491299e-05,5.6617855008767037,-1.2043699371133698e-05,5.687246073193819,-1.2050804798491299e-05,5.67740476498102,1,0,44.4536667595316,533.93711304716669,266.95364354450453,44.492175233036818,44.492172510372967,88.945841992556367,-44.492175233036818,0,0
0.0019964849999921331,2.5702946686578798,-0.28222484615980648,2.5702562993501488,-3.8482994568767026e-05,-1.0601297617540695e-05,5.7064838543396945,-1.0601297617540695e-05,5.7319446256087758,-1.0608403044898296e-05,5.7221032392362758,1,0,44.453739751381022,533.93574198569763,266.95590424664607,44.492552230005998,44.492549496145386,88.946291981376419,-44.492552230005998,0,0
0.0019964899999921331,2.6244430841870781,-0.24973567747110792,2.6244042032885773,-3.8880898500792682e-05,-1.1738165994756855e-05,5.7498011898360346,-1.1731060567399254e-05,5.7752621671625093,-1.1752376849472057e-05,5.765420695524881,1,0,44.453814393301137,533.93438824513282,266.95811791307494,44.492921295814789,44.492918742043692,88.946735689104187,-44.492921295814789,0,0
0.0019964949999921331,2.6778900519275339,-0.21724625298702449,2.6778526489579235,-3.7459813029272482e-05,-1.0295764241163852e-05,5.7917178040156614,-1.0288658813806251e-05,5.8171789873995294,-1.0295764241163852e-05,5.8073374376022002,1,0,44.45389063312895,533.93305194289064,266.9602845406107,44.493282620423471,44.493280057238806,88.947173253542118,-44.493282620423471,0,0
0.001996499999992133,2.7306234642310301,-0.18475654428584676,2.7305856065140688,-3.7914560380158946e-05,-1.1390000054234406e-05,5.8322041240899125,-1.1390000054234406e-05,5.8576655277420286,-1.1397105481592007e-05,5.8478239068904259,1,0,44.453968417778938,533.93173357721162,266.9624014846529,44.493635571079267,44.493633192210929,88.947603988846822,-44.493635571079267,0,0
0.001996504999992133,2.782631270292768,-0.15226657978928415,2.7825948336612782,-3.6436631489777938e-05,-9.9618091553566046e-06,5.8712411572514611,-9.9618091553566046e-06,5.8967027669609706,-9.9618091553566046e-06,5.8868610750550943,1,0,44.454047693254154,533.93043325776421,266.96446877329549,44.493980345704472,44.493977959128358,88.948028038948664,-44.493980345704472,0,0
0.001996509999992133,2.8339014761513681,-0.1197763879190461,2.833864755302784,-3.6834535421803594e-05,-1.1020517831639154e-05,5.9088002402063466,-1.1020517831639154e-05,5.9342620204461127,-1.1027623258996755e-05,5.9244202290642534,1,0,44.454128404664118,533.92915147051258,266.96648377202746,44.494316310939261,44.494314112787031,88.948444715592359,-44.494316310939261,0,0
0.001996514999992133,2.8844226562796393,-0.087285968675132608,2.8843872996731079,-3.5356606531422585e-05,-9.5994323601189535e-06,5.9448631120062601,-9.5994323601189535e-06,5.9703250840925648,-9.6136432148341555e-06,5.9604832216564319,1,0,44.454210496238332,533.92788831707628,266.96844654576853,44.494643672722333,44.494641468489583,88.948854168951073,-44.494643672722333,0,0
0.0019965199999921329,2.9341833283069718,-0.054795293635834241,2.9341475737965084,-3.5754510463448241e-05,-1.0622613899613498e-05,5.9794019975356605,-1.0629719326971099e-05,6.0048641685739312,-1.0629719326971099e-05,5.9950222563998068,1,0,44.454293911345189,533.9266442709004,266.97035447271224,44.494961797361142,44.494959785538043,88.949255708695716,-44.494961797361142,0,0
0.0019965249999921329,2.9831721803930122,-0.022304391222860431,2.9831379038114392,-3.4333424991928041e-05,-9.2015284280932974e-06,6.0123994103378209,-9.2086338554508984e-06,6.0378617234846388,-9.2228447101661004e-06,6.0280197402562408,1,0,44.454378592502607,533.9254194252685,266.97220764824476,44.495270899039767,44.495268882680577,88.949649491533165,-44.495270899039767,0,0
0.0019965299999921329,3.0313783554447582,0.010186766985498252,3.031343737802672,-3.4617642086232081e-05,-1.0189182830799837e-05,6.0438285132136116,-1.0182077403442236e-05,6.0692910111015408,-1.0196288258157438e-05,6.0594489639242965,1,0,44.454464481398233,533.92421424087343,266.97400346738357,44.495570343991218,44.495568523903408,88.950034825379262,-44.495570343991218,0,0
0.0019965349999921328,3.0787910532126261,0.042678095724113518,3.078758027186268,-3.3082869776990265e-05,-8.7965190687100403e-06,6.0736725515653234,-8.7894136413524393e-06,6.0991352341943639,-8.7894136413524393e-06,6.0892931301737008,1,0,44.45455151890328,533.92302880238719,266.97574206260862,44.49586035466394,44.495858531501078,88.950411873558423,-44.49586035466394,0,0
0.0019965399999921328,3.1253995871338702,0.075169651836404228,3.1253661063601612,-3.3480773709015921e-05,-9.7415409072709735e-06,6.1019057184807934,-9.7344354799133725e-06,6.1273685503238084,-9.7486463346285746e-06,6.1175263752488718,1,0,44.45463964509068,533.92186355753142,266.97742084177781,44.496140297578201,44.496138674420656,88.950779942659139,-44.496140297578201,0,0
0.0019965449999921328,3.1711937822365144,0.10766140690066095,3.1711618930785335,-3.1946001399774104e-05,-8.3559825725387782e-06,6.1285120054321851,-8.3417717178235762e-06,6.1539749864891746,-8.3559825725387782e-06,6.1441327545708191,1,0,44.454728799248656,533.92071858210215,266.97903997464073,44.496410403575965,44.496408778718191,88.951139202816265,-44.496410403575965,0,0
0.0019965499999921327,3.2161634635485825,0.14015336091688368,3.2161312901735073,-3.2287061912938952e-05,-9.2583718469541054e-06,6.1534665718454562,-9.2512664195965044e-06,6.1789297021164202,-9.2654772743117064e-06,6.1690874062492185,1,0,44.454818919901008,533.91959431063913,266.9805968866674,44.496670039694223,44.496668618446442,88.951488959585973,-44.496670039694223,0,0
0.0019965549999921327,3.2602987403151928,0.172645485463363,3.2602679880255891,-3.0809133022557944e-05,-7.8728135122219101e-06,6.1767542476331982,-7.8728135122219101e-06,6.2022175129072821,-7.8728135122219101e-06,6.1923751530912341,1,0,44.454909944820294,533.91849080981274,266.98209178418261,44.496919445282309,44.496918023620886,88.95182939009473,-44.496919445282309,0,0
0.0019965599999921327,3.3035900059985579,0.2051377805400989,3.3035590263352788,-3.1093350116861984e-05,-8.7467810772068333e-06,6.1983511656649171,-8.7467810772068333e-06,6.2238145588366933,-8.7609919319220353e-06,6.2139721563880812,1,0,44.455001811048362,533.91740850078224,266.98352211180787,44.497157988178543,44.49715677359977,88.952159799218151,-44.497157988178543,0,0
0.0019965649999921327,3.3460276540608902,0.23763027456880081,3.3459980954830826,-2.9615421226480976e-05,-7.3754335971898399e-06,6.2182429800827776,-7.3683281698322389e-06,6.2437065153631011,-7.3754335971898399e-06,6.2338640560710701,1,0,44.455094454910238,533.916347440854,266.98488811390126,44.497385916331524,44.497384702535676,88.952480371234387,-44.497385916331524,0,0
0.0019965699999921326,3.3876026463985909,0.27012291070604988,3.3875729172905267,-2.9842794901924208e-05,-8.2280848801019602e-06,6.2364068327269706,-8.2280848801019602e-06,6.2618704887995591,-8.2422957348171622e-06,6.2520279797695366,1,0,44.455187812034282,533.91530803762134,266.98618725385256,44.497602598670497,44.497601595295478,88.952790410696551,-44.497602598670497,0,0
0.0019965749999921326,3.4283059449080611,0.3026156889518461,3.4282776937288872,-2.8308022592682391e-05,-6.8709482548001688e-06,6.2528292374963712,-6.8709482548001688e-06,6.2782930214666521,-6.8780536821577698e-06,6.2684504911203476,1,0,44.455281817366895,533.91429033879899,266.98741981654024,44.497808291799984,44.497807290313133,88.953090109160016,-44.497808291799984,0,0
0.0019965799999921326,3.4681288525462151,0.33510866614960833,3.4681003171499469,-2.8535396268125623e-05,-7.666756118851481e-06,6.267488387834419,-7.65965069149388e-06,6.2929522712806829,-7.673861546209082e-06,6.2831096769855321,1,0,44.455376405192865,533.91329473824192,266.98858328490468,44.498002366028615,44.498001578163965,88.953378771213806,-44.498002366028615,0,0
0.0019965849999921325,3.5070628996436426,0.36760172861249885,3.5070358990196837,-2.7057467377744615e-05,-6.3167249209072907e-06,6.2803716005532806,-6.3096194935496897e-06,6.3058355976863822,-6.3309357756224927e-06,6.295992974969522,1,0,44.455471509150073,533.91232127385865,266.98967798445847,44.498185086709206,44.498184301744637,88.953656595852962,-44.498185086709206,0,0
0.0019965899999921325,3.5450996733743523,0.40009493318393652,3.5450722748464614,-2.7284841053187847e-05,-7.0912165028857999e-06,6.2914580993833624,-7.0841110755281989e-06,6.3169221959924471,-7.0841110755281989e-06,6.3070795306430227,1,0,44.455567062250857,533.91137032560482,266.9907014205204,44.498355825758289,44.498355257479055,88.953922888002054,-44.498355825758289,0,0
0.0019965949999921325,3.582231443033379,0.43258825144221191,3.5822056361212162,-2.5750068743946031e-05,-5.7411853049416095e-06,6.300736131947815,-5.7340798775840085e-06,6.326200313822028,-5.7553961596568115e-06,6.3163575987346121,1,0,44.455662996896088,533.91044192138168,266.99165395835939,44.498514857389495,44.498514292926906,88.954177854279834,-44.498514857389495,0,0
0.0019965999999921324,3.6184501368552446,0.46508171180903446,3.6184241594128252,-2.5977442419389263e-05,-6.4872551774897147e-06,6.3081859451585842,-6.4801497501321137e-06,6.3336502194033528,-6.4872551774897147e-06,6.3238074972105096,1,0,44.455759244897678,533.90953642709576,266.99253312879733,44.498661555354673,44.498661210500913,88.954420800245856,-44.498661555354673,0,0
0.0019966049999921324,3.6537483651954972,0.4975752574409853,3.6537239793688059,-2.4442670110147446e-05,-5.1514348342607263e-06,6.3137966748172403,-5.1514348342607263e-06,6.3392610272217098,-5.1514348342607263e-06,6.3294182552908751,1,0,44.455855737492527,533.90865386045482,266.99333933618942,44.498796202809473,44.49879586259199,88.954651940296841,-44.498796202809473,0,0
0.0019966099999921324,3.6881187952531036,0.53006888833806443,3.6880941820527369,-2.4670043785590678e-05,-5.8619775700208265e-06,6.31754964075526,-5.8548721426632255e-06,6.3430140642140032,-5.8690829973784275e-06,6.333171263861459,1,0,44.455952405364314,533.9077945731791,266.99407013674909,44.498918175625704,44.498918057798548,88.954870580984164,-44.498918175625704,0,0
0.0019966149999921324,3.7215544921309629,0.56256260450027185,3.7215314137029054,-2.3135271476348862e-05,-4.5261572267918382e-06,6.3194348740580608,-4.5261572267918382e-06,6.3448993614656501,-4.5261572267918382e-06,6.3350565255859692,1,0,44.456049178658965,533.9069585726071,266.99472597717215,44.499027765918605,44.499027653449772,88.955076944573051,-44.499027765918605,0,0
0.0019966199999921323,3.7540485777753929,0.59505637750589813,3.75402527197366,-2.3248958314070478e-05,-5.2011728257639334e-06,6.3194347603712231,-5.1940673984063324e-06,6.3448992975168039,-5.2082782531215344e-06,6.3350564545316956,1,0,44.456145987006501,533.90614619614939,266.99530443951744,44.49912435193599,44.49912446449558,88.955270338937282,-44.49912435193599,0,0
0.0019966249999921323,3.7855944583498058,0.62755026419836213,3.7855728578506387,-2.177102942368947e-05,-3.886668764607748e-06,6.3175402402748659,-3.886668764607748e-06,6.3430048200530109,-3.886668764607748e-06,6.3331619628570479,1,0,44.456242759536465,533.90535744061413,266.99580601341717,44.499208234809437,44.499208353350411,88.955450994342016,-44.499208234809437,0,0
0.0019966299999921323,3.8161859947649646,0.66004417931253556,3.8161642805789597,-2.1941559680271894e-05,-4.5261572267918382e-06,6.3137348078612376,-4.5261572267918382e-06,6.3391994302719468,-4.5261572267918382e-06,6.3293565517597017,1,0,44.456339424899923,533.90459262899117,266.99622830758528,44.499278795413609,44.499279141475945,88.955618220309006,-44.499278795413609,0,0
0.0019966349999921322,3.8458170479316323,0.69253815127012786,3.8457966411442612,-2.0463630789890885e-05,-3.2258640203508548e-06,6.3080103060997317,-3.2187585929932538e-06,6.3334749569321502,-3.2329694477084558e-06,6.3236320571036231,1,0,44.45643591128465,533.90385174741004,266.99657185414139,44.499336343966682,44.499336696533213,88.955772255248107,-44.499336343966682,0,0
0.0019966399999921322,3.8744818766645039,0.72503212322772015,3.8744614130337141,-2.0520474208751693e-05,-3.822719918389339e-06,6.3003513517401188,-3.815614491031738e-06,6.3258160238888195,-3.82982534574694e-06,6.315973116954865,1,0,44.456532146438057,533.90313510434066,266.99683429148467,44.499380264163655,44.499380846598577,88.95591241059789,-44.499380264163655,0,0
0.0019966449999921322,3.9021749671519501,0.7575261520287313,3.9021560382934695,-1.9042545318370685e-05,-2.5366375666635577e-06,6.2907506830356397,-2.5295321393059567e-06,6.3162153765006224,-2.5366375666635577e-06,6.3063724553558131,1,0,44.456628057682693,533.90244267509934,266.99701619497995,44.499410875352069,44.499411464712956,88.956038933032232,-44.499410875352069,0,0
0.0019966499999921321,3.9288909761125979,0.79002020925145189,3.9288718198804418,-1.9156232156092301e-05,-3.0979663279140368e-06,6.2791940322881601,-3.0908609005564358e-06,6.3046587328585701,-3.1050717552716378e-06,6.294815833030043,1,0,44.456723571938646,533.90177475355244,266.99711523211386,44.49942756430589,44.499428385734639,88.956151136241431,-44.49942756430589,0,0
0.0019966549999921321,3.9546249013255874,0.82251426647417247,3.9546072798657406,-1.7564616427989677e-05,-1.8260948309034575e-06,6.2656750898781866,-1.8189894035458565e-06,6.2911398046594513,-1.8260948309034575e-06,6.2812969048309242,1,0,44.456818615739387,533.9011313040802,266.99713202254577,44.499430659526105,44.499431488200727,88.956249275263673,-44.499430659526105,0,0
0.0019966599999921321,3.9793720247871534,0.85500829527518363,3.9793543464838876,-1.7735146684572101e-05,-2.3590018827235326e-06,6.2501806894488254,-2.3590018827235326e-06,6.2756454042300902,-2.3518964553659316e-06,6.2658025044015631,1,0,44.456913115254039,533.90051260587279,266.99706426329021,44.499419551099564,44.499420613892781,88.956332666351244,-44.499419551099564,0,0
0.0019966649999921321,4.0031277990237868,0.88750235249790421,4.0031115986494115,-1.6200374375330284e-05,-1.0942358130705543e-06,6.2327054592969944,-1.1013412404281553e-06,6.2581701527619771,-1.1084466677857563e-06,6.2483272600388773,1,0,44.457006996303562,533.89991861226724,266.99691261946208,44.499394576700354,44.49939564695697,88.956401573002836,-44.499394576700354,0,0
0.001996669999992132,4.025888017622492,0.91999635287720594,4.0258718172481167,-1.63140612130519e-05,-1.5845103007450234e-06,6.2132373770396043,-1.5845103007450234e-06,6.2387020349774502,-1.5987211554602254e-06,6.2288591422543504,1,0,44.457100184383606,533.89934958771778,266.99667481930521,44.499355129931494,44.499356436207798,88.956455314313516,-44.499355129931494,0,0
0.001996674999992132,4.0476487015439488,0.95249035325650766,4.0476339790984639,-1.4779288903810084e-05,-3.4816594052244909e-07,6.1917719946791294,-3.4106051316484809e-07,6.2172366313006933,-3.4816594052244909e-07,6.2073937598938755,1,0,44.457192604680984,533.89880547442431,266.99635157435256,44.499301557648749,44.49930287150346,88.956494162329392,-44.499301557648749,0,0
0.001996679999992132,4.0684060422790935,0.98498426837068109,4.0683912061467709,-1.48929757415317e-05,-8.0291329140891321e-07,6.1682984338062852,-7.9580786405131221e-07,6.1937630349007122,-8.1712414612411521e-07,6.1839201777047492,1,0,44.45728418209638,533.89828652205983,266.99594064429419,44.49923325719972,44.499234808824752,88.956517439295297,-44.49923325719972,0,0
0.0019966849999921319,4.0881567429096322,1.0174781550631451,4.0881433847061999,-1.3358203432289883e-05,4.3343106881366111e-07,6.1428131843399569,4.4053649617126212e-07,6.1682777356963925,4.2632564145606011e-07,6.1584348927112842,1,0,44.457374841259224,533.89779266160531,266.99544278394501,44.499150584691776,44.499152143905874,88.95652542595144,-44.499150584691776,0,0
0.0019966899999921319,4.1068973928304331,1.0499719564904808,4.1068839209401631,-1.3358203432289883e-05,0,6.1153065118446648,7.1054273576010019e-09,6.1407710134631088,-7.1054273576010019e-09,6.1309281846888553,1,0,44.457464506552213,533.89732412791932,266.99485578941909,44.499052941349234,44.49905473993428,88.956517447901462,-44.499052941349234,0,0
0.0019966949999921319,4.1246252067139721,1.0824657010743977,4.1246133264394302,-1.1880274541908875e-05,1.2150280781497713e-06,6.08577585836656,1.2221335055073723e-06,6.1112402818253031,1.2221335055073723e-06,6.1013974885781863,1,0,44.457553102126866,533.89688084069735,266.99418045997453,44.498940692531008,44.498942498611534,88.956493794659082,-44.498940692531008,0,0
0.0019966999999921319,4.141337456076144,1.1149593319714768,4.1413255758016021,-1.1937117960769683e-05,8.1712414612411521e-07,6.0542126192331125,8.2422957348171622e-07,6.079676971637582,8.1712414612411521e-07,6.0698341997067473,1,0,44.457640551926389,533.8964630199639,266.99341462559943,44.498813243591606,44.49881529049221,88.956453795518811,-44.498813243591606,0,0
0.0019967049999921318,4.1570316398065188,1.1474528776034276,4.1570210669306107,-1.0459189070388675e-05,2.0250467969162855e-06,6.0206151957231668,2.0321522242738865e-06,6.0460794628625081,2.0179413695586845e-06,6.0362367335642375,1,0,44.457726779702362,533.89607057407602,266.99255913266273,44.498670969091961,44.498673023290756,88.956397748796348,-44.498670969091961,0,0
0.0019967099999921318,4.1717057683854364,1.1799463095485407,4.1716952523529471,-1.0459189070388675e-05,1.6697754290362354e-06,5.9849761484542796,1.6697754290362354e-06,6.0104403161176378,1.6626700016786344e-06,6.000597601030222,1,0,44.457811709037564,533.89570370821593,266.99161184545846,44.498513278723699,44.498515575039541,88.95632498776294,-44.498513278723699,0,0
0.0019967149999921318,4.1853577954498178,1.2124396278068161,4.1853488141896378,-8.9812601800076663e-06,2.8421709430404007e-06,5.9472947739891424,2.8492763703980017e-06,5.9727588563873724,2.8421709430404007e-06,5.9629161981433754,1,0,44.457895263362012,533.89536231936279,266.99057365648741,44.498340556262221,44.498342859574798,88.956235819627068,-44.498340556262221,0,0
0.0019967199999921317,4.1979861293839349,1.2449328323782538,4.1979772618105926,-8.9812601800076663e-06,2.5224267119483557e-06,5.9075648337625353,2.5295321393059567e-06,5.9330288024739275,2.5153212845907547e-06,5.9231861797570673,1,0,44.457977365976447,533.89504659786451,266.98944246637694,44.498152215893469,44.498154762468189,88.956129581872432,-44.498152215893469,0,0
0.0019967249999921317,4.2095895196325728,1.2774258664194349,4.2095821299881209,-7.503331289626658e-06,3.701927653310122e-06,5.8657865764644157,3.709033080667723e-06,5.8912504385943976,3.694822225952521e-06,5.8814078656155289,1,0,44.458057940068251,533.89475642929483,266.98821921391954,44.497948650595305,44.497951203761176,88.956006590667258,-44.497948650595305,0,0
0.0019967299999921317,4.2201666587970976,1.3099187583520688,4.220159155465808,-7.503331289626658e-06,3.4034997042908799e-06,5.8219548719762315,3.4034997042908799e-06,5.8474185991030936,3.4034997042908799e-06,5.837576068756789,1,0,44.458136908734787,533.89449198918703,266.98690183624876,44.497729279232516,44.497732076653335,88.955866187970699,-44.497729279232516,0,0
0.0019967349999921316,4.2297168647564831,1.3424114797544462,4.2297110098843405,-6.0822458181064576e-06,4.5545789362222422e-06,5.7760709424314882,4.5545789362222422e-06,5.8015345629769399,4.5403680815070402e-06,5.7916920823686269,1,0,44.458214194999627,533.89425315169683,266.98549131935135,44.497494503952858,44.497497307455511,88.955708698957039,-44.497494503952858,0,0
0.0019967399999921316,4.2382395122331218,1.374904030626567,4.2382334868307225,-6.0822458181064576e-06,4.2916781239910051e-06,5.7281308016854382,4.2987835513486061e-06,5.7535942588060607,4.2916781239910051e-06,5.7437518350411665,1,0,44.458289721835492,533.89404007757537,266.98398563683168,44.497243748478482,44.497246797076535,88.955533470318272,-44.497243748478482,0,0
0.0019967449999921316,4.2457342033230816,1.4073963825467217,4.2457297126929916,-4.5474735088646412e-06,5.4356519285647664e-06,5.6781366311042802,5.4427573559223674e-06,5.7035999390109282,5.4427573559223674e-06,5.6937575720894529,1,0,44.458363412180177,533.89385262956114,266.98238582141369,44.496977424104202,44.496980478171153,88.955340836289821,-44.496977424104202,0,0
0.0019967499999921316,4.2522009380263626,1.4398885355149105,4.252196276866016,-4.6043169277254492e-06,5.1940673984063324e-06,5.6260855672007892,5.2011728257639334e-06,5.6515487045771806,5.2011728257639334e-06,5.6417064087099789,1,0,44.458435188960578,533.89369095366931,266.98068988634316,44.496694959539539,44.49669825939074,88.955130148505305,-44.496694959539539,0,0
0.0019967549999921315,4.2576398868732213,1.4723804895311332,4.2576367604851839,-3.1263880373444408e-06,6.3380412029800937e-06,5.5719807718901393,6.3380412029800937e-06,5.5974437458417015,6.3309357756224927e-06,5.5876015139233459,1,0,44.458504975107836,533.89355490123512,266.9788989094356,44.496396775208424,44.496400079812076,88.954901750322591,-44.496396775208424,0,0
0.0019967599999921315,4.2620516182978463,1.5048721877519711,4.2620485487532278,-3.1832314562052488e-06,6.1248783822520636e-06,5.5158204830263458,6.1248783822520636e-06,5.5412832722367966,6.1106675275368616e-06,5.531441118478142,1,0,44.458572693580969,533.89344460359575,266.97701094352254,44.496082304977051,44.496085855902194,88.954654998564138,-44.496082304977051,0,0
0.0019967649999921315,4.2654367007344263,1.5373636870208429,4.265435165962117,-1.6484591469634324e-06,7.2333250500378199e-06,5.4576088075464213,7.2262196226802189e-06,5.4830714049103335,7.2333250500378199e-06,5.4732293151005251,1,0,44.458638267382298,533.89335990071163,266.97502711221068,44.495751978346078,44.495755533204246,88.95439024573561,-44.495751978346078,0,0
0.0019967699999921314,4.2677961573645007,1.5698549020726205,4.2677946225921914,-1.6484591469634324e-06,7.0699002208129968e-06,5.39734516991075,7.0841110755281989e-06,5.4228075754281235,7.0699002208129968e-06,5.4129655495671614,1,0,44.458701619580935,533.89330090931321,266.97294550863427,44.495405234471875,44.495409036037998,88.954106854059887,-44.495405234471875,0,0
0.0019967749999921314,4.2691313524301222,1.6023458897507226,4.2691311250564468,-2.2737367544323206e-07,8.1570306065259501e-06,5.3350345581293368,8.1570306065259501e-06,5.3604967504838896,8.1499251791683491e-06,5.3506548169934831,1,0,44.458762673328721,533.8932674580268,266.97076730320236,44.495042511866949,44.4950463164447,88.953805185203834,-44.495042511866949,0,0
0.0019967799999921314,4.2694436501733435,1.6348365932117304,4.269443422799668,-2.2737367544323206e-07,8.0220274867315311e-06,5.2706775477417978,8.0220274867315311e-06,5.2961395198281025,8.0078166320163291e-06,5.2862976644973969,1,0,44.458821351882811,533.8932596490605,266.96849062822247,44.49466325515084,44.494667306672028,88.953484607041673,-44.49466325515084,0,0
0.0019967849999921313,4.2687348127401492,1.6673270408773533,4.2687360632953641,1.1937117960769683e-06,9.0949470177292824e-06,5.2042800788854038,9.0949470177292824e-06,5.2297418449143152,9.0878415903716814e-06,5.2199000961650199,1,0,44.458877578621824,533.89327729976003,266.96611670171444,44.494267911767921,44.494271965278394,88.953145490398839,-44.494267911767921,0,0
0.0019967899999921313,4.2670068296501995,1.699817147482463,4.2670081370488333,1.3073986337985843e-06,8.9812601800076663e-06,5.1358438284410113,8.9812601800076663e-06,5.1613053315691104,8.9812601800076663e-06,5.1514636822957982,1,0,44.458931277068288,533.89332049790869,266.96364369522678,44.493855931945056,44.493860232484202,88.952787209022318,-44.493855931945056,0,0
0.0019967949999921313,4.2642620314836677,1.7323069698704785,4.264264759967773,2.6716406864579767e-06,1.0032863428932615e-05,5.0653756673568751,1.0039968856290216e-05,5.0908369431112988,1.0025758001575014e-05,5.0809953648922601,1,0,44.458982370904046,533.8933890496387,266.96107287335059,44.493427772002171,44.49343207340798,88.95241014291625,-44.493427772002171,0,0
0.0019967999999921313,4.2605029193509836,1.7647964796196902,4.2605058183653455,2.7853275241795927e-06,9.9689145827142056e-06,4.992878395171374,9.9760200100718066e-06,5.0183394080249855,9.9618091553566046e-06,5.0084979434927845,1,0,44.459030783993768,533.89348302841768,266.95840244978768,44.492982887861316,44.492987436232134,88.952013671865046,-44.492982887861316,0,0
0.0019968049999921312,4.2557323354230903,1.7972856483083888,4.2557364849926671,4.1495695768389851e-06,1.0984990694851149e-05,4.9183597923274647,1.0999201549566351e-05,4.9438205422802639,1.099209612220875e-05,4.9339791630131913,1,0,44.459076440399642,533.89360222924427,266.95563373423761,44.492521744654795,44.492526292670178,88.951598185065421,-44.492521744654795,0,0
0.0019968099999921312,4.2499531787143496,1.8297744759365742,4.2499573282839265,4.2064129956997931e-06,1.0956568985420745e-05,4.8418237881264758,1.0956568985420745e-05,4.8672842538621808,1.0956568985420745e-05,4.8574429740710912,1,0,44.459119264404421,533.89374671139262,266.95276498240707,44.4920438041366,44.492048598905257,88.951163068551978,-44.4920438041366,0,0
0.0019968149999921312,4.2431688029864745,1.862262934082537,4.2431742599546851,5.5706550483591855e-06,1.1958434242842486e-05,4.7632790369789291,1.1965539670200087e-05,4.7887392327083944,1.1951328815484885e-05,4.7788980594987152,1,0,44.459159180526648,533.89391625882024,266.94979755027487,44.491549540149165,44.491554333242263,88.950708720687771,-44.491549540149165,0,0
0.0019968199999921311,4.2353826756880153,1.8947510511679866,4.2353883031864825,5.6274984672199935e-06,1.1951328815484885e-05,4.6827305837382482,1.1951328815484885e-05,4.7081905023560466,1.1958434242842486e-05,4.6983494499386325,1,0,44.459196113543022,533.89411091674231,266.9467297349708,44.491038420393721,44.491043459880942,88.950234533948702,-44.491038420393721,0,0
0.0019968249999921311,4.2265986053280358,1.9272387703495042,4.2266056539119745,6.9917405198793858e-06,1.2953194072906626e-05,4.6001880136259388,1.2953194072906626e-05,4.6256476196049334,1.2946088645549025e-05,4.6158066879797843,1,0,44.459229988502898,533.89433045818055,266.94356293725986,44.490510927353789,44.490515963748493,88.94974091586964,-44.490510927353789,0,0
0.0019968299999921311,4.2168206846326939,1.9597261200487992,4.2168277332166326,7.0485839387401938e-06,1.2960299500264227e-05,4.5156574088878187,1.2967404927621828e-05,4.541116709333437,1.2960299500264227e-05,4.5312758842896983,1,0,44.45926073075119,533.89457491443727,266.94029549764605,44.489966534765315,44.489971817049224,88.949227265529458,-44.489966534765315,0,0
0.0019968349999921311,4.2060530063281476,1.9922130434224528,4.2060615328409767,8.4128259913995862e-06,1.3933743048255565e-05,4.4291492642400954,1.3940848475613166e-05,4.4546082378360552,1.3933743048255565e-05,4.4447675477954363,1,0,44.459288265943051,533.89484404771611,266.93692886226472,44.489405733632196,44.489411011311162,88.948693999589182,-44.489405733632196,0,0
0.001996839999992131,4.1943002884181624,2.0246995404704649,4.1943088149309915,8.4128259913995862e-06,1.3990586467116373e-05,4.3406707561643998,1.3983481039758772e-05,4.3661294100161285,1.396927018504357e-05,4.3562888620840567,1,0,44.459312520066035,533.8951378755653,266.93346141397444,44.488828003838805,44.488833526757467,88.948140523918823,-44.488828003838805,0,0
0.001996844999992131,4.1815671352196659,2.0571856396145449,4.1815771396613854,9.7770680440589786e-06,1.4935608305677306e-05,4.2502332533445042,1.4935608305677306e-05,4.2756915377140103,1.4928502878319705e-05,4.265851117679631,1,0,44.459333419453991,533.89545614949986,266.92989464275735,44.488233844828713,44.488239361535669,88.947567264297646,-44.488233844828713,0,0
0.001996849999992131,4.1678586057969369,2.0896712840112741,4.1678684397083998,9.8907548817805946e-06,1.5013768006610917e-05,4.157844969654434,1.5020873433968518e-05,4.1833029129634269,1.4999557151895715e-05,4.17346262082674,1,0,44.459350890809667,533.89579887348441,266.92622697573006,44.487622742695713,44.487628503850047,88.9469736335204,-44.487622742695713,0,0
0.0019968549999921309,4.1531799297445104,2.1221564736606524,4.1531911847414449,1.1141310096718371e-05,1.5937473563099047e-05,4.0635181477455262,1.5937473563099047e-05,4.0889757215722966,1.5930368135741446e-05,4.0791355715441568,1,0,44.4593648612192,533.89616578848745,266.9224599478265,44.486995205184257,44.487000958427991,88.946360066419402,-44.486995205184257,0,0
0.0019968599999921309,4.1375365640305972,2.1546412085626798,4.1375479327143694,1.1198153515579179e-05,1.6044054973463062e-05,3.9672620815167647,1.6044054973463062e-05,3.9927193000721672,1.6036949546105461e-05,3.9828792850471473,1,0,44.45937525817309,533.89655688507128,266.91859202775868,44.486350724729022,44.486356721485713,88.945725982918162,-44.486350724729022,0,0
0.0019968649999921309,4.120934306683921,2.1871254602956469,4.120946982766327,1.2562395568238571e-05,1.695354967523599e-05,3.8690898378490601,1.695354967523599e-05,3.8945466585005306,1.6939338820520788e-05,3.8847067997949125,1,0,44.459382009580381,533.89697189381263,266.91462479505788,44.485689817246609,44.485695804303376,88.945071826843943,-44.485689817246609,0,0
0.0019968699999921308,4.1033789557332057,2.2196092004378443,4.1033916318156116,1.2619238987099379e-05,1.7081447367672808e-05,3.7690117551392177,1.709565822238801e-05,3.794468213413893,1.7081447367672808e-05,3.784628496816822,1,0,44.45938504379032,533.89741079206442,266.91055676192741,44.485011981565428,44.485018211060726,88.944397025372837,-44.485011981565428,0,0
0.0019968749999921308,4.0848767639545258,2.2520924858326907,4.0848906905921467,1.3869794202037156e-05,1.7962520360015333e-05,3.6670417244977216,1.7976731214730535e-05,3.6924978061847469,1.7962520360015333e-05,3.6826582530125052,1,0,44.459384289606177,533.89787330017703,266.90638955197846,44.484317741644716,44.484323959562232,88.943702031268856,-44.484317741644716,0,0
0.0019968799999921308,4.0654341546542128,2.284575231215058,4.0654481949786714,1.3926637620897964e-05,1.8140156043955358e-05,3.5631911501354807,1.8140156043955358e-05,3.5886467912860098,1.8133050616597757e-05,3.5788073873277426,1,0,44.459379676305382,533.8983593824978,266.90212171826687,44.483606602806979,44.483613061949903,88.942986279130508,-44.483606602806979,0,0
0.0019968849999921308,4.0450577785122732,2.3170574650066555,4.0450730693919468,1.5234036254696548e-05,1.8978596472152276e-05,3.4574746763382791,1.8985701899509877e-05,3.4829299053740215,1.8978596472152276e-05,3.4730906648405835,1,0,44.45937113365401,533.8988687493279,266.89775493024933,44.48287909689617,44.482885542496994,88.942250230569158,-44.48287909689617,0,0
0.0019968899999921307,4.0237543998955516,2.3495391587857739,4.023769747618644,1.5290879673557356e-05,1.9191759292880306e-05,3.349904766025702,1.9191759292880306e-05,3.3753595971575123,1.9191759292880306e-05,3.3655205129434762,1,0,44.459358591927938,533.8994013522256,266.89328778468234,44.48213473574824,44.482141421225485,88.941493327695369,-44.48213473574824,0,0
0.0019968949999921307,4.0015311810748244,2.3820202841307037,4.0015478361965506,1.6541434888495132e-05,2.0015988866362022e-05,3.2404968592913974,2.0008883439004421e-05,3.2659512285704295,2.0015988866362022e-05,3.25611231488665,1,0,44.459341981924496,533.89995689163038,266.88872199030584,44.481374059032589,44.481380728917429,88.940716040977094,-44.481374059032589,0,0
0.0019968999999921307,3.9783954548511247,2.4145008694631542,3.9784121099728509,1.6541434888495132e-05,2.0243362541805254e-05,3.129264399603926,2.0243362541805254e-05,3.1547183212410346,2.0236257114447653e-05,3.1448795994037937,1,0,44.459321234984031,533.90053530653677,266.8840561898935,44.480596585116885,44.480603493395904,88.939917820121167,-44.480596585116885,0,0
0.0019969049999921306,3.9543546677123231,2.4469808579397068,3.9543725165458454,1.7848833522293717e-05,2.1053381260571769e-05,3.0162236157593725,2.1053381260571769e-05,3.0416770897545575,2.1046275833214168e-05,3.0318385242367185,1,0,44.459296283002729,533.90113628772258,266.87929213393932,44.479802861294893,44.47980975184845,88.939099144318675,-44.479802861294893,0,0
0.0019969099999921306,3.9294166072068037,2.4794602779820707,3.9294345697271638,1.7905676941154525e-05,2.1294965790730203e-05,2.9013889175644181,2.1309176645445405e-05,2.9268419012851155,2.1294965790730203e-05,2.9170035134029604,1,0,44.459267058452141,533.90175976185469,266.87442850709482,44.478992412585214,44.478999539917922,88.938259471058643,-44.478992412585214,0,0
0.0019969149999921306,3.903589231413207,2.5119390727468272,3.903608444488782,1.9156232156092301e-05,2.2076562800066313e-05,2.7847773154121569,2.2083668227423914e-05,2.8102298301746487,2.2069457372708712e-05,2.8003916270336049,1,0,44.459233494392493,533.90240541025935,266.86946710332546,44.478165793707618,44.478172901102255,88.93739928812218,-44.478165793707618,0,0
0.0019969199999921305,3.8768807257838489,2.544417299077395,3.876899882016005,1.9099388737231493e-05,2.2353674467012752e-05,2.6664041570256813,2.2360779894370353e-05,2.6918562170408222,2.2346569039655151e-05,2.6820181986408898,1,0,44.459195524492507,533.9030731475234,266.86440665006984,44.477322536354272,44.477329878782882,88.936518060869133,-44.477322536354272,0,0
0.0019969249999921305,3.8492995031447208,2.5768949001303554,3.8493199667755107,2.0349943952169269e-05,2.312106062163366e-05,2.5462872415005222,2.312106062163366e-05,2.5717388041357481,2.3113955194276059e-05,2.5619009846877816,1,0,44.459153083040519,533.90376264574047,266.85924898013809,44.476463202571296,44.476470522770583,88.935616285634921,-44.476463202571296,0,0
0.0019969299999921305,3.8208540900086518,2.6093718474839989,3.8208744967960229,2.0406787371030077e-05,2.3426593998010503e-05,2.424442811843619,2.3426593998010503e-05,2.4498938842043572,2.3419488570652902e-05,2.4400562566029294,1,0,44.459106104964675,533.90447380767421,266.8539928655066,44.475587330727635,44.475594884088622,88.934693435715729,-44.475587330727635,0,0
0.0019969349999921305,3.7915532971055654,2.6418481411383254,3.7915748976047325,2.1543655748246238e-05,2.4151347588485805e-05,2.3008893776932382,2.4158453015843406e-05,2.3263399313577793,2.4151347588485805e-05,2.3165024956028901,1,0,44.459054525844394,533.90520629641719,266.84864017828562,44.47469549000202,44.47470301876659,88.933750015870572,-44.47469549000202,0,0
0.0019969399999921304,3.7614062193824793,2.6743237810933351,3.7614278198816464,2.1600499167107046e-05,2.4485302674293052e-05,2.1756441697107221,2.4485302674293052e-05,2.2010941975736387,2.4478197246935451e-05,2.1912569607707155,1,0,44.458998281929425,533.90596000317476,266.84318973357614,44.473787225485651,44.473794985414472,88.932785507439561,-44.473787225485651,0,0
0.0019969449999921304,3.7304219517864112,2.7067987673490279,3.7304448028407933,2.2737367544323206e-05,2.5188739982695552e-05,2.0487263441282266,2.5188739982695552e-05,2.0741758390840914,2.5181634555337951e-05,2.0643388083385616,1,0,44.45893731015174,533.90673458227934,266.83764344370388,44.472863113287815,44.472870846180271,88.931800423464736,-44.472863113287815,0,0
0.0019969499999921304,3.698609930324892,2.7392730714836944,3.6986327813792741,2.2794210963184014e-05,2.5536905923218001e-05,1.9201540411017959,2.5544011350575602e-05,1.9456030031506089,2.5536905923218001e-05,1.9357661784624725,1,0,44.458871548144046,533.9075299136548,266.83200016601188,44.47192270524797,44.471930667184687,88.93079425341756,-44.47192270524797,0,0
0.0019969549999921303,3.6659797615357093,2.7717466934973345,3.6660038063018874,2.3931079340400174e-05,2.6219026949547697e-05,1.789947134511749,2.6219026949547697e-05,1.8153955494426555,2.6219026949547697e-05,1.8055589450227671,1,0,44.458800934250526,533.90834564312274,266.82626185094006,44.470966584250128,44.470974516639593,88.929767518526873,-44.470966584250128,0,0
0.0019969599999921303,3.6325412224869069,2.8042195765465294,3.6325652104096662,2.3874235921539366e-05,2.6602720026858151e-05,1.6581245958491309,2.6609825454215752e-05,1.683572449451276,2.659561459950055e-05,1.6737360439833537,1,0,44.45872540754479,533.90918163961032,266.82042739736892,44.469994308898563,44.470002468092162,88.928719716469956,-44.469994308898563,0,0
0.0019969649999921303,3.5983043176202045,2.836691777474698,3.5983293855679221,2.5067947717616335e-05,2.7263524771115044e-05,1.5247069882207143,2.7270630198472645e-05,1.5501542733886708,2.7256419343757443e-05,1.540318095294424,1,0,44.458644907840991,533.9100375406872,266.81449879496517,44.469006468617678,44.469014595685778,88.927651376485926,-44.469006468617678,0,0
0.0019969699999921302,3.5632791082207405,2.869163211016712,3.5633041761684581,2.5067947717616335e-05,2.7668534130498301e-05,1.3897141215579722,2.7675639557855902e-05,1.4151608311863129,2.7654323275783099e-05,1.4053248733603141,1,0,44.458559375711829,533.9109132045777,266.80847498457297,44.468002628783019,44.468010980297876,88.926562004522509,-44.468002628783019,0,0
0.0019969749999921302,3.5274761103210039,2.9016339340159902,3.5275023151370988,2.6147972675971687e-05,2.8286706310609588e-05,1.2531672055615672,2.830091716532479e-05,1.2786133467557192,2.8293811737967189e-05,1.2687776234088233,1,0,44.458468752498383,533.91180826086884,266.80235799237181,44.466983385192329,44.466991701938134,88.925452137718992,-44.466983385192329,0,0
0.0019969799999921302,3.4909057262666465,2.9341039180508233,3.4909319310827414,2.6147972675971687e-05,2.8727242806780851e-05,1.1150868957088278,2.8727242806780851e-05,1.1405324329416544,2.8727242806780851e-05,1.1306969369684339,1,0,44.458372980327439,533.91272255738306,266.79614680045796,44.465948309991248,44.465956848711862,88.924321290347422,-44.465948309991248,0,0
0.0019969849999921302,3.4535786994638329,2.9665731346995017,3.4536059843048861,2.7284841053187847e-05,2.9324098704819335e-05,0.97549499855631439,2.9324098704819335e-05,1.0009399318278156,2.9324098704819335e-05,0.99110465612284315,1,0,44.458272002121092,533.91365571600181,266.78984347111805,44.464898005142672,44.464906506388495,88.923170007293095,-44.464898005142672,0,0
0.0019969899999921301,3.4155059438489843,2.999041555540316,3.4155332286900375,2.7284841053187847e-05,2.9771740628348198e-05,0.83441297249464697,2.9771740628348198e-05,0.85985730891025014,2.9764635200990597e-05,0.85002227478980785,1,0,44.458165761614339,533.91460757445668,266.78344702881469,44.463832049526573,44.463840770164126,88.921997811170684,-44.463832049526573,0,0
0.0019969949999921301,3.3766984302019409,3.0315092089949758,3.3767268519113713,2.8308022592682391e-05,3.0347280244313879e-05,0.69186324935799348,3.0361491099029081e-05,0.71730696760141655,3.0340174816956278e-05,0.70747218927635913,1,0,44.458054203363844,533.91557774720877,266.77695957007893,44.462751051079479,44.462759731476694,88.920805254473663,-44.462751051079479,0,0
0.0019969999999921301,3.3371674135196372,3.0639760666417715,3.3371957215422299,2.8251179173821583e-05,3.0830449304630747e-05,0.5478680407122738,3.0837554731988348e-05,0.57331111946723468,3.0823343877273146e-05,0.56347657562128006,1,0,44.457937272764248,533.91656606221659,266.77038015953588,44.461654595428925,44.461663492526299,88.919591868224003,-44.461654595428925,0,0
0.00199700499999213,3.0932832260077703,3.0964738471084274,1.5466418403775606,-1.5466415561604663,0.0024737190074120008,-0.002464098258769809,-0.010320839294308826,0.010330616362352885,-0.0053551190148937167,0.0053648392395189148,0,0,44.45780577293597,506.94563764596336,267.28962032520332,44.412237540976811,44.412295670696963,88.8700433163865,-44.412237540976811,0,0
0.00199700999999213,2.7823371624435822,3.1233265929131449,1.3911687233303383,-1.3911685528000817,0.3404644459692463,-0.3404573405418887,0.33076523919817191,-0.33075813377081431,0.334568561299875,-0.33456143455623533,0,0,44.457665084221276,457.44909302849385,200.68775759288479,33.085571548708295,33.085571634182756,77.543236973394016,-33.085571548708295,0,0
0.00199701499999213,2.8104674925089057,3.1429388798187574,1.4052338315195811,-1.4052337746761623,0.33217041561783844,-0.3321633172959082,0.32618245882076735,-0.32617537470969182,0.3285766680960478,-0.32856957687954491,0,0,44.457524395896741,408.56093895575151,121.61294065571046,19.739782742392858,19.739782826335315,64.197307470460018,-19.739782742392858,0,0
0.00199701999999213,3.0566366717721394,3.1546611864996521,1.5283184779946168,-1.5283183643077791,0.09786666055333626,-0.097859562231406017,0.094254325233578129,-0.094247234017075243,0.095746258921280969,-0.095739153493923368,0,0,44.457383708017247,357.27506186749645,71.026604525364405,11.207442200908615,11.20744222525737,55.664826006792524,-11.207442200908615,0,0
0.0019970249999921299,3.0670490787088056,3.1619331828380837,1.5335246530412405,-1.5335245393544028,0.094790955529333587,-0.094783871418258059,0.09223008845538061,-0.092222990133450367,0.093326278260974505,-0.093319179939044261,0,0,44.457243020583121,303.74633877346815,48.478415037859435,7.3850112763145592,7.3850113005594338,51.842254391688641,-7.3850112763145592,0,0
0.0019970299999921299,2.8364987088025373,3.1647781744970072,1.4182494396663969,-1.4182493828229781,0.3283246527985284,-0.32831756158202552,0.32814699579830631,-0.32813990458180342,0.32832734575549694,-0.32832024032813933,0,0,44.457102333594342,252.14189860279646,-1.7249882958324581,-1.0099991686350025,-1.0099990866329713,43.447103493283997,1.0099991686350025,0,0
0.0019970349999921299,2.819967761524822,3.1597128327121027,1.4099839518166846,-1.4099839233949751,0.34000582616044994,-0.33999872073309234,0.34364583001433857,-0.34363873169240833,0.34234607682037677,-0.34233897139301916,0,0,44.456961647050605,202.69726055107748,-81.516822538011183,-14.270383683441782,-14.270383597965669,30.186578303614649,14.270383683441782,0,0
0.0019970399999921298,3.0437540488037484,3.1465426530985496,1.5218771522995667,-1.5218770386127289,0.10318950671717175,-0.10318241550066887,0.10941283790089074,-0.10940575378981521,0.10709987918744446,-0.10709279507636893,0,0,44.456820960951895,151.44095000338496,-134.91669905218922,-23.063800742315273,-23.063800717071025,21.393020321826125,23.063800742315273,0,0
0.0019970449999921298,3.0526337013725424,3.1287674744362448,1.5263168506862712,-1.5263168506862712,0.076587973296682321,-0.07658086786932472,0.083924518889944011,-0.08391741346258641,0.081160621334674943,-0.081153501696462627,0,0,44.456680275298517,98.150846469155852,-157.19349201077728,-26.630673348654891,-26.630673329418119,17.826007003231599,26.630673348654891,0,0
0.0019970499999921298,2.7991545437089371,3.1067828842878953,1.399577399752161,-1.3995772860653233,0.30820111618368173,-0.30819402496717885,0.31783806520024882,-0.31783095977289122,0.3141587114896538,-0.3141516060622962,0,0,44.4565395900905,46.998850649059847,-204.09239747223228,-34.265236887238103,-34.265236810720744,10.191303011053513,34.265236887238103,0,0
0.0019970549999921297,2.8535374951843551,3.0768245267154271,1.4267690175984171,-1.4267687333813228,0.44807460852780423,-6.0040861171728466e-06,0.46858261271154333,-0.0058534155300549173,0.46357685334896814,-0.00067181105123381712,0,0,44.456393933508821,-3.112588576389328,-276.33869001857965,-46.056399310396984,-46.056541068107975,-1.6000049288135543,46.056399310396984,0,0
0.0019970599999921297,2.9155098104638455,3.0431937432240375,0,-2.9155099241506832,0.25688097338161242,6.6435745793569367e-06,0.28323628953330626,6.7146288529329468e-06,0.27304889727020054,6.6506800067145377e-06,0,0,44.456265203259008,-1.7500320706103025,-276.33740106700901,-46.05626828583118,-46.056256636046001,-1.6000028256911989,46.05626828583118,0,0
0.0019970649999921297,2.9180986871324421,3.0101448373898165,-0.095894279183994513,-3.0139932221118215,0.26627409255297607,0.080727645013212168,0.29170647763976376,0.080718926653844392,0.28187587020056526,0.080722301731839252,0,1,44.45613368367836,-0.077747191453681808,-266.75163070547023,-44.458493529998151,-44.45851621592854,-0.0023595800456917004,44.458493529998151,0,0
0.0019970699999921297,2.8612170979158691,2.9776813619264431,-4.1495695768389851e-05,-2.8612587072984752,0.2343799536674851,-2.7569058147491887e-06,0.2598205313120161,-2.7569058147491887e-06,0.24998676195764347,-2.7498003873915877e-06,0,1,44.456001843488202,-0.071532507034731907,-266.74618712982965,-44.457595804529475,-44.457598791326916,-0.0015937266613192946,44.457595804529475,0,0
0.0019970749999921296,2.8038386403750337,2.9452178011979413,-4.0472514228895307e-05,-2.8038791697326815,0.28421128916988891,-1.1795009413617663e-06,0.30965198050125764,-1.1723955140041653e-06,0.29981814719803879,-1.1723955140041653e-06,0,1,44.455871396749998,-0.070097991365003054,-266.74743939461348,-44.457804258640053,-44.457807354960195,-0.0019325776787653126,44.457804258640053,0,0
0.0019970799999921296,2.745807336168582,2.912754069939183,-4.2405190470162779e-05,-2.7458498550458899,0.33534417553937601,-3.3963942769332789e-06,0.36078498766300982,-3.3963942769332789e-06,0.35095111883265417,-3.3963942769332789e-06,0,1,44.455742843491365,-0.068647309402336987,-266.74875592855403,-44.458023459169112,-44.458026604382894,-0.0022802803335792987,44.458023459169112,0,0
0.0019970849999921296,2.6871387603932817,2.8802901397284586,-4.1382008930668235e-05,-2.6871801992456312,0.38775512223310216,-1.8118839761882555e-06,0.41319607646528311,-1.7976731214730535e-06,0.40336214368608125,-1.7976731214730535e-06,0,1,44.455616232073908,-0.067180540440972436,-266.75013640645858,-44.458253292529193,-44.45825654532527,-0.0026366727001629897,44.458253292529193,0,0
0.0019970899999921295,2.6278485449893196,2.8478260674091871,-4.3314685171935707e-05,-2.6278919733613293,0.44140516308743827,-4.0216718844021671e-06,0.4668462381118843,-4.007461029686965e-06,0.45701225559469094,-4.0145664570445661e-06,0,1,44.455491609688266,-0.065698383811707117,-266.75157916653598,-44.458493543213379,-44.458496839223116,-0.0030014921199494893,44.458493543213379,0,0
0.0019970949999921295,2.5679525492705579,2.815361824559659,-4.2291503632441163e-05,-2.5679948976176092,0.49627023201992415,-2.4371615836571436e-06,0.5217114562583447,-2.4300561562995426e-06,0.51187743110858719,-2.4300561562995426e-06,0,1,44.455369022343334,-0.06420092907774233,-266.7530838692611,-44.458744091285674,-44.458747492862479,-0.003374572672107945,44.458744091285674,0,0
0.0019970999999921295,2.5074666893942776,2.7828973543364555,-4.4224179873708636e-05,-2.5075109135741513,0.55231090811957984,-4.6256332097982522e-06,0.57775228157197489,-4.6114223550830502e-06,0.56791819957879852,-4.6114223550830502e-06,0,1,44.455248514857388,-0.062688878614977739,-266.75464879619892,-44.459004715630606,-44.459008154686124,-0.0037556484623095798,44.459004715630606,0,0
0.0019971049999921294,2.4464069952045975,2.7504327135829953,-4.3087311496492475e-05,-2.4464501393595128,0.60950255686975652,-3.0624391911260318e-06,0.63494407953612608,-3.0482283364108298e-06,0.62510992648867614,-3.0482283364108298e-06,0,1,44.455130130847017,-0.06116233179332653,-266.75627359238047,-44.459275290178709,-44.459278832715796,-0.0041445498291352578,44.459275290178709,0,0
0.0019971099999921294,2.3847897239193117,2.7179678738775692,-4.5019987737759948e-05,-2.3848347439070494,0.6678053097175507,-5.2224891078367364e-06,0.6932470100196042,-5.2224891078367364e-06,0.6834128001287354,-5.2153836804791354e-06,0,1,44.455013912720105,-0.059621993647994032,-266.75795648668861,-44.459555588368289,-44.459559162597927,-0.0045410078428673728,44.459555588368289,0,0
0.0019971149999921294,2.3226311043345049,2.6855028067984676,-4.3883119360543787e-05,-2.3226750158755749,0.72719403476639854,-3.645084234449314e-06,0.75263589849328127,-3.637978807091713e-06,0.74280162465356625,-3.637978807091713e-06,0,1,44.454899901664973,-0.058067972889830344,-266.75969710887148,-44.459845478189614,-44.459849153748834,-0.0049448493306059049,44.459845478189614,0,0
0.0019971199999921294,2.2599475357765186,2.6530375407674001,-4.5702108764089644e-05,-2.259993323150411,0.78762843003232774,-5.7980287238024175e-06,0.81307047850032177,-5.7980287238024175e-06,0.80323613360633317,-5.7980287238024175e-06,0,1,44.454788137643163,-0.056500976823258497,-266.76149363443591,-44.460144727881968,-44.46014842930164,-0.0053558026103814882,44.460144727881968,0,0
0.0019971249999921293,2.1967556165236601,2.6205720757843665,-4.4565240386873484e-05,-2.1968002670291753,0.84908289466056885,-4.2419401324877981e-06,0.87452511365881946,-4.2206238504149951e-06,0.86469070481598465,-4.2277292777725961e-06,0,1,44.45467865938015,-0.05492112302812302,-266.76334568133376,-44.460453199654658,-44.460457000188988,-0.0057736911916137501,44.460453199654658,0,0
0.0019971299999921293,2.1330719164325274,2.588106355005948,-4.6497916628140956e-05,-2.1331183859274461,0.91151675007949962,-6.3735683397680987e-06,0.93695914671343417,-6.3664629124104977e-06,0.92712466681632577,-6.3664629124104977e-06,0,1,44.454571504358839,-0.053329120683173414,-266.76525137294561,-44.460770656748991,-44.460774477269879,-0.006198240873402483,44.460770656748991,0,0
0.0019971349999921293,2.0689131474682654,2.5556404068538541,-4.524736141320318e-05,-2.0689585085165163,0.9749039406869997,-4.8032688937382773e-06,1.0003465078511908,-4.7961634663806763e-06,0.99051195689980887,-4.8032688937382773e-06,0,1,44.454466708810287,-0.051725095763117679,-266.76721031494526,-44.461096955815151,-44.461100873177116,-0.0066292721009233446,44.461096955815151,0,0
0.0019971399999921292,2.004296135282857,2.5231742029063753,-4.7066350816749036e-05,-2.0043432584770926,1.0392034610617884,-6.9135808189457748e-06,1.0646462200725182,-6.9135808189457748e-06,1.0548115838560079,-6.9135808189457748e-06,0,1,44.454364307708573,-0.050109758921422554,-266.769220581875,-44.46143185529894,-44.461435786736416,-0.0070665083869059231,44.46143185529894,0,0
0.0019971449999921292,1.9392378192151227,2.4907077715852211,-4.6043169277254492e-05,-1.9392838055409811,1.1043888363815313,-5.3503868002735544e-06,1.1298317943442271,-5.3503868002735544e-06,1.1199970941788706,-5.3432813729159534e-06,0,1,44.454264334762499,-0.04848324404952109,-266.77128176873953,-44.46177520647273,-44.461779232422437,-0.0075097673213946337,44.46177520647273,0,0
0.0019971499999921292,1.8737551101821737,2.4582410844686819,-4.7634785005357116e-05,-1.8738028018105979,1.1704187485861439,-7.460698725481052e-06,1.1958619197116604,-7.4393824434082489e-06,1.1860271484920304,-7.4464878707658499e-06,0,1,44.454166822409917,-0.046846262873174283,-266.77339189981473,-44.462126763249664,-44.462130797331994,-0.0079587704209984622,44.462126763249664,0,0
0.0019971549999921291,1.8078651464747963,2.425774141556758,-4.6497916628140956e-05,-1.8079117012348433,1.2372663817927787,-5.8832938520936295e-06,1.2627097589756886,-5.8832938520936295e-06,1.252874916701785,-5.8761884247360285e-06,0,1,44.454071801810166,-0.045198956718763839,-266.77555056134452,-44.462486371735238,-44.462490497949929,-0.0084133326586908197,44.462486371735238,0,0
0.0019971599999921291,1.7415850095403584,2.3933068860060303,-4.8203219193965197e-05,-1.7416332980246807,1.3048901053025475,-7.9651840678707231e-06,1.3303336672265687,-7.9651840678707231e-06,1.3204987325821094,-7.9580786405131221e-06,0,1,44.45397930283923,-0.043542037976266101,-266.77775572868046,-44.46285378152281,-44.462857909899896,-0.00887317379346797,44.46285378152281,0,0
0.0019971649999921291,1.6749319797781936,2.3608394030816271,-4.7066350816749036e-05,-1.6749791313941387,1.3732627692775168,-6.4019900491985027e-06,1.3987065585752134,-6.4019900491985027e-06,1.3888715386656258,-6.4019900491985027e-06,0,1,44.453889354083657,-0.041875654925263461,-266.78000698243159,-44.463228833728508,-44.463233051810363,-0.0093381063820743293,44.463228833728508,0,0
0.0019971699999921291,1.6079233091659262,2.3283716359401296,-4.8657966544851661e-05,-1.6079720808193088,1.4423425369614051,-8.4625639829027932e-06,1.4677865536327772,-8.4625639829027932e-06,1.457951441352634,-8.4625639829027932e-06,0,1,44.45380198283695,-0.040200520210646573,-266.78230225152367,-44.463611273853886,-44.46361548810529,-0.0098078486744057614,44.463611273853886,0,0
0.001997174999992129,1.5405763349463086,2.2959035845815379,-4.75210981676355e-05,-1.5406239413096046,1.5121019316666207,-6.9064753915881738e-06,1.5375461828170955,-6.8993699642305728e-06,1.5277109923772514,-6.8993699642305728e-06,0,1,44.453717215092169,-0.03851678857938623,-266.78464110793504,-44.464000938302213,-44.464005239788179,-0.010282211108112449,44.464000938302213,0,0
0.001997179999992129,1.4729084796272218,2.2634352490058518,-4.9226400733459741e-05,-1.4729577060279553,1.5824989247903432,-8.9457330432196613e-06,1.6079434104199208,-8.9315221885044593e-06,1.5981081347149484,-8.9386276158620603e-06,0,1,44.453635075539601,-0.03682517251831996,-266.78702143713292,-44.46439756868196,-44.464401860326142,-0.010760910643433874,44.46439756868196,0,0
0.001997184999992129,1.4049372225599654,2.2309666292130714,-4.7975845518521965e-05,-1.4049852836706123,1.6535057767441685,-7.3825390245474409e-06,1.678950475536567,-7.3825390245474409e-06,1.6691151003556115,-7.3754335971898399e-06,0,1,44.453555587560395,-0.035125832755710462,-266.78944280413157,-44.464800996896628,-44.464805373266543,-0.011243755830456337,44.464800996896628,0,0
0.0019971899999921289,1.3366800430958392,2.1984976967814873,-4.9567461246624589e-05,-1.3367296674005047,1.72508028839502,-9.4004803941061255e-06,1.7505252216665212,-9.3933749667485245e-06,1.7406897612204375,-9.3933749667485245e-06,0,1,44.453478773224866,-0.033419481205783086,-266.79190305255383,-44.465210960915556,-44.465215321418768,-0.01173046261040156,44.465210960915556,0,0
0.0019971949999921289,1.2681545058512711,2.1660284517110995,-4.8316906031686813e-05,-1.2682029364441405,1.7971944856753908,-7.8514972301491071e-06,1.8226396818477042,-7.8443918027915061e-06,1.8128041361364922,-7.8443918027915061e-06,0,1,44.453404653287905,-0.031706284090546433,-266.79440174419722,-44.465627288313215,-44.465631730998055,-0.012220837830817288,44.465627288313215,0,0
0.0019971999999921289,1.1993781754426891,2.1335589508453268,-4.9908521759789437e-05,-1.1994281408078677,1.8698060628707935,-9.8481223176349886e-06,1.8952514935222098,-9.8410168902773876e-06,1.8854158412295874,-9.8410168902773876e-06,0,1,44.453333247186464,-0.029986952335889328,-266.79693667864512,-44.466049713710071,-44.466054134495224,-0.012714596717543714,44.466049713710071,0,0
0.0019972049999921289,1.1303687301733589,2.1010890804973315,-4.8771653382573277e-05,-1.1304175302484509,1.9428868398563282,-8.2849282989627682e-06,1.9683325049868472,-8.2849282989627682e-06,1.9584967674290965,-8.2778228716051672e-06,0,1,44.45326457303463,-0.028261657168684451,-266.79950741411716,-44.46647806061128,-44.466482561003602,-0.013211544689809784,44.46647806061128,0,0
0.0019972099999921288,1.0611438199248369,2.0686189259322418,-5.0135895435232669e-05,-1.0611940695071098,2.0163944043360971,-1.0253131677018246e-05,2.0418403181565736,-1.0253131677018246e-05,2.0320044740174126,-1.0253131677018246e-05,0,1,44.453198647624092,-0.026531108109367096,-266.80211171245878,-44.466912060456266,-44.466916532911071,-0.013711396437777523,44.466912060456266,0,0
0.0019972149999921288,0.99172109457867919,2.0361484587283485,-4.8999027058016509e-05,-0.99177020729257492,2.0903004269712255,-8.7112539404188283e-06,2.1157465894816596,-8.7041485130612273e-06,2.1059106529719429,-8.7041485130612273e-06,0,1,44.453135486419804,-0.024795480901673272,-266.80474912919544,-44.467351532913995,-44.467356082374991,-0.014213956193763977,44.467351532913995,0,0
0.0019972199999921288,0.9221183177032799,2.003677650463942,-5.0476955948397517e-05,-0.92216885150264716,2.1645624670441066,-1.0658141036401503e-05,2.1900088640336435,-1.0651035609043902e-05,2.1801728280479438,-1.0651035609043902e-05,0,1,44.453075103559684,-0.023055483242558239,-266.80741738715375,-44.467796206536747,-44.467800722023767,-0.014718938414596039,44.467796206536747,0,0
0.0019972249999921287,0.85235316760190472,1.9712065295607317,-4.9340087571181357e-05,-0.85240247926776647,2.2391520388964636,-9.1020524450868834e-06,2.2645987058922401,-9.1020524450868834e-06,2.2547625846414121,-9.1020524450868834e-06,0,1,44.453017511851471,-0.02131129490510375,-266.81011604158266,-44.468245897368604,-44.468250487237967,-0.015226146365094451,44.468245897368604,0,0
0.0019972299999921287,0.78244343626465707,1.9387350675970083,-5.0590642786119133e-05,-0.78249416901599034,2.3140266947052623,-1.1027623258996755e-05,2.3394736317072784,-1.1027623258996755e-05,2.32963740387504,-1.1034728686354356e-05,0,1,44.452962722773833,-0.019563621344559579,-266.81284277921696,-44.468700331304703,-44.468704881169089,-0.015735294504175101,44.468700331304703,0,0
0.0019972349999921287,0.71240683041651209,1.9062632361510623,-4.9340087571181357e-05,-0.71245634103433986,2.3891578635470978,-9.4857455223973375e-06,2.4146050492390714,-9.4857455223973375e-06,2.4047687148254226,-9.4786400950397365e-06,0,1,44.452910746472512,-0.017812645875864064,-266.81559715330741,-44.469159321040948,-44.469163942646063,-0.016246185410572878,44.469159321040948,0,0
0.0019972399999921286,0.64226114204757323,1.873791120488022,-5.0931703299283981e-05,-0.64231198848574422,2.4645031402314999,-1.1375789199519204e-05,2.489950595929713,-1.1368683772161603e-05,2.4801141691455086,-1.1375789199519204e-05,0,1,44.452861591762968,-0.016059071294023397,-266.81837681844996,-44.469622590029452,-44.469627165608046,-0.016758533763344019,44.469622590029452,0,0
0.0019972449999921286,0.57202410630452505,1.8413186637644685,-4.9453774408902973e-05,-0.57207373060919053,2.5400338472536532,-9.8410168902773876e-06,2.565481594274388,-9.8339114629197866e-06,2.5556450538033459,-9.8339114629197866e-06,0,1,44.452815266128297,-0.014303083971668684,-266.82118132901394,-44.470089947826104,-44.470094592489616,-0.017272141663958962,44.470089947826104,0,0
0.0019972499999921286,0.50171342991234269,1.8088458375586924,-5.0931703299283981e-05,-0.50176441845906083,2.6157076788990707,-1.1709744285326451e-05,2.6411556817151904,-1.1709744285326451e-05,2.6313190275573106,-1.170263885796885e-05,0,1,44.45277177572018,-0.012545383626104467,-266.8240083039251,-44.470561115778899,-44.470565708410149,-0.017786724351040561,44.470561115778899,0,0
0.0019972549999921286,0.43134693328283902,1.7763726987141126,-4.9681148084346205e-05,-0.43139664285263279,2.6914959434520824,-1.0174971976084635e-05,2.7169441949581596,-1.0167866548727034e-05,2.7071074413242968,-1.0160761121369433e-05,0,1,44.452731125358277,-0.010786159201728651,-266.82685730243276,-44.47103590050105,-44.471040559550509,-0.01830208364683017,44.47103590050105,0,0
0.0019972599999921285,0.36094226629757031,1.7438991903873102,-5.0818016461562365e-05,-0.36099331168770732,2.7673564062524747,-1.2022383089060895e-05,2.7928049419756462,-1.2008172234345693e-05,2.7829680888658004,-1.2008172234345693e-05,0,1,44.452693318534024,-0.0090261069242103531,-266.82972591347288,-44.471514021426579,-44.471518622457424,-0.018817935536148411,44.471514021426579,0,0
0.0019972649999921285,0.29051719252493058,1.7114253125782852,-4.9681148084346205e-05,-0.29056695893814322,2.843260404006287,-1.0480505352461478e-05,2.8687092239465528,-1.0473399925103877e-05,2.8588722642552966,-1.0473399925103877e-05,0,1,44.452658357408509,-0.0072654178275399772,-266.83261369791086,-44.471995282534962,-44.471999947311787,-0.019334081866055897,44.471995282534962,0,0
0.0019972699999921285,0.22008936184647609,1.6789511221304565,-5.1045390137005597e-05,-0.22014037881490367,2.9191658370564255,-1.2292389328649733e-05,2.9446149412137856,-1.2292389328649733e-05,2.9347778820465464,-1.2292389328649733e-05,0,1,44.452626242816322,-0.0055047842301689798,-266.83551821516426,-44.472479401622572,-44.472484002418661,-0.019850239640412326,44.472479401622572,0,0
0.0019972749999921284,0.14967645256547257,1.6464765622004052,-4.9681148084346205e-05,-0.14972624740039464,2.9950440776360665,-1.0757617019407917e-05,3.0204934517996662,-1.0757617019407917e-05,3.0106562647347346,-1.0757617019407917e-05,0,1,44.452596974265333,-0.0037443987777123766,-266.83843903138478,-44.472966180241542,-44.472970842109419,-0.020366210932138529,44.472966180241542,0,0
0.0019972799999921284,0.079296114563476294,1.6140016612098407,-5.0818016461562365e-05,-0.079347046266775578,3.0708532108292275,-1.255529014088097e-05,3.0963028834207762,-1.2548184713523369e-05,3.0864656110907163,-1.2548184713523369e-05,0,1,44.452570549941818,-0.001984949468578634,-266.84137367973409,-44.47345533478844,-44.473459926741945,-0.020881713993411211,44.47345533478844,0,0
0.0019972849999921284,0.008965827191786957,1.5815263623153442,-4.9681148084346205e-05,-0.0090155367615807336,3.1465647012396403,-1.1020517831639154e-05,3.1720146296265739,-1.1020517831639154e-05,3.1621772293988215,-1.1020517831639154e-05,0,1,44.452546966709889,-0.00022663008297740816,-266.84432173068166,-44.473946664658371,-44.473951315012002,-0.021396551383780604,44.473946664658371,0,0
0.0019972899999921283,-0.061296731246329728,1.5490507223603345,-5.0818016461562365e-05,0.061245856386449304,3.2221368186924337,-1.2789769243681803e-05,3.2475870455073164,-1.2782663816324202e-05,3.2377495529090083,-1.2782663816324202e-05,0,1,44.452526220117029,0.0015298761094584279,-266.84728069255789,-44.474439885110982,-44.474444459650059,-0.021910442857134171,44.474439885110982,0,0
0.0019972949999921283,-0.13147413824299292,1.5165747413448116,-4.9453774408902973e-05,0.13142454236003687,3.2975411556890322,-1.1262102361797588e-05,3.3229916596155817,-1.1262102361797588e-05,3.313154053330436,-1.1247891507082386e-05,0,1,44.452508304395295,0.0032843746662365447,-266.85025014350327,-44.474934793596958,-44.474939423870183,-0.022423191660507769,44.474934793596958,0,0
0.0019972999999921283,-0.2015488860251935,1.4840983624253568,-5.0590642786119133e-05,0.20149815327386023,3.3727362378499492,-1.2988721209694631e-05,3.3981870188881658,-1.2988721209694631e-05,3.3883492989161823,-1.298161578233703e-05,0,1,44.452493212466365,0.005036187454749097,-266.85322756609042,-44.475431104544612,-44.475435653141901,-0.022934519342008741,44.475431104544612,0,0
0.0019973049999921283,-0.27150360892846948,1.4516216708670981,-4.9226400733459741e-05,0.27145418357577,3.447693771363447,-1.1475265182525618e-05,3.4731448508296126,-1.1461054327810416e-05,3.4633070242762187,-1.1461054327810416e-05,0,1,44.452480935944202,0.0067851198383266365,-266.85621254978389,-44.475928613666568,-44.475933215341264,-0.023444230028594859,44.475928613666568,0,0
0.0019973099999921282,-0.34132094128835888,1.4191445814049075,-5.0476955948397517e-05,0.34127040748899162,3.5223726015942702,-1.3173462320992257e-05,3.547823943961248,-1.3166356893634656e-05,3.5379859966155891,-1.3166356893634656e-05,0,1,44.45247146514069,0.0085304992244630284,-266.85920255237238,-44.476427034818315,-44.476431548998889,-0.023952047305023427,44.476427034818315,0,0
0.0019973149999921282,-0.41098363112723746,1.3866671224604943,-4.9112713895738125e-05,0.41093443314821343,3.5967446194717922,-1.1652900866465643e-05,3.622196238950437,-1.1645795439108042e-05,3.6123581850233677,-1.1638690011750441e-05,0,1,44.452464789067996,0.010272131247376137,-266.86219717441668,-44.476926162257442,-44.476930726872517,-0.024457776444826607,44.476926162257442,0,0
0.0019973199999921282,-0.48047445488919038,1.3541893224555679,-5.0135895435232669e-05,0.48042420530691743,3.6707689545778521,-1.3322676295501878e-05,3.6962208795898732,-1.3322676295501878e-05,3.6863827119759662,-1.3315570868144277e-05,0,1,44.452460895446507,0.01200934925321917,-266.86519385394956,-44.477425709482048,-44.477430180831803,-0.024961143266594377,44.477425709482048,0,0
0.0019973249999921281,-0.54977621744001226,1.3217111529684189,-4.8771653382573277e-05,0.5497272752563731,3.7444177110046439,-1.1816325695690466e-05,3.7698699273391867,-1.1802114840975264e-05,3.760031667354724,-1.1809220268332865e-05,0,1,44.452459770706746,0.013741959607614262,-266.86819220144156,-44.477925469563907,-44.477929988723311,-0.025461954439450096,44.477925469563907,0,0
0.0019973299999921281,-0.61887192259746371,1.2892325855773379,-4.9908521759789437e-05,0.61882195723228506,3.8176504233433661,-1.3457679415296298e-05,3.8431029096841485,-1.3450573987938697e-05,3.833264514696566,-1.3450573987938697e-05,0,1,44.452461399997063,0.015469301991231532,-266.87118963512228,-44.478425155928392,-44.478429576103167,-0.025959938280912809,44.478425155928392,0,0
0.0019973349999921281,-0.68774457417930535,1.2567537055474531,-4.8544279707130045e-05,0.68769594463446992,3.8904394159544609,-1.1944223388127284e-05,3.9158922007231922,-1.1937117960769683e-05,3.9060537062596268,-1.1937117960769683e-05,0,1,44.45246576718796,0.017191183954508915,-266.8741857807662,-44.478924560654278,-44.478929026034891,-0.026454903026902343,44.478924560654278,0,0
0.0019973399999921281,-0.75637723284671665,1.2242743991919269,-4.9340087571181357e-05,0.7563276369637606,3.9627446000167765,-1.3550049970945111e-05,3.9881976690026022,-1.3550049970945111e-05,3.9783590750630538,-1.354294454358751e-05,0,1,44.452472854880533,0.01890695190283509,-266.87717803850802,-44.479423397350146,-44.479427758082956,-0.026946579725013464,44.479423397350146,0,0
0.001997344999992128,-0.82475310136942426,1.191794780197597,-4.8089532356243581e-05,0.82470484130681143,4.0345385770024222,-1.2043699371133698e-05,4.0599919302053422,-1.2036593943776097e-05,4.0501532083681013,-1.2036593943776097e-05,0,1,44.452482644409365,0.020616415021947887,-266.88016604608589,-44.479921457417817,-44.479925860778991,-0.027434778469874743,44.479921457417817,0,0
0.001997349999992128,-0.89285543936057365,1.1593147917210445,-4.9226400733459741e-05,0.89280624138154963,4.1057816844158879,-1.3628209671878722e-05,4.1312353289413295,-1.361399881716352e-05,4.1213965005226783,-1.361399881716352e-05,0,1,44.45249511585277,0.022318926827352925,-266.88314719017643,-44.480418454867376,-44.480422747977201,-0.02791923323292167,44.480418454867376,0,0
0.001997354999992128,-0.96066762012014806,1.1268344053405599,-4.7862158680800349e-05,0.96061975796146726,4.1764468576843683,-1.2121859072067309e-05,4.2019007793214769,-1.2114753644709708e-05,4.1920618514268426,-1.2114753644709708e-05,0,1,44.452510248037079,0.024014298581022331,-266.88612112338728,-44.480914180633739,-44.48091851382361,-0.028399756149802613,44.480914180633739,0,0
0.0019973599999921279,-1.0281731306349684,1.0943537063212716,-4.8657966544851661e-05,1.0281243874032953,4.2464948748488496,-1.3677947663381929e-05,4.2719490664921977,-1.3677947663381929e-05,4.2621100178052984,-1.3670842236024328e-05,0,1,44.452528018546303,0.025701891289514833,-266.88908521787374,-44.481408349436244,-44.481412566836269,-0.028876084395065504,44.481408349436244,0,0
0.0019973649999921279,-1.0953555147352745,1.0618726093980513,-4.7180037654470652e-05,1.095308135745654,4.3158990123970398,-1.2164491636212915e-05,4.3413535166791917,-1.2157386208855314e-05,4.3315143685163093,-1.2157386208855314e-05,0,1,44.452548403728066,0.027381518728333276,-266.89203914488269,-44.481900751953852,-44.481905006917998,-0.029348032326772966,44.481900751953852,0,0
0.0019973699999921279,-1.1621984867815627,1.0293911714143178,-4.8203219193965197e-05,1.1621502267189499,4.3846205528552673,-1.3699263945454732e-05,4.4100753058273767,-1.3692158518097131e-05,4.4002360368722293,-1.3692158518097131e-05,0,1,44.452571378702871,0.029052549769005509,-266.89498026133816,-44.482391103898379,-44.482395237603896,-0.029815340574963045,44.482391103898379,0,0
0.0019973749999921278,-1.2286858179777482,0.99690936394836172,-4.6838977141305804e-05,1.2286389221571881,4.4526331279826081,-1.2192913345643319e-05,4.4780881793826666,-1.2185807918285718e-05,4.4682488251623909,-1.2192913345643319e-05,0,1,44.45259691737067,0.030714801129789748,-266.89790825885882,-44.48287919593696,-44.482883364726568,-0.030277825933161751,44.48287919593696,0,0
0.0019973799999921278,-1.2948014216362935,0.96442721542189247,-4.7634785005357116e-05,1.2947537015861599,4.5198985461070151,-1.3692158518097131e-05,4.5453538746187405,-1.3677947663381929e-05,4.535514385395345,-1.368505309073953e-05,0,1,44.452624992421988,0.032367649914078811,-266.90082048315998,-44.483364744987568,-44.483368787122828,-0.03073523266703404,44.483364744987568,0,0
0.0019973849999921278,-1.3605293247564987,0.93194472583491006,-4.6156856114976108e-05,1.3604829689484177,4.586390851102351,-1.2192913345643319e-05,4.6118464709365981,-1.2185807918285718e-05,4.6020068822372195,-1.2192913345643319e-05,0,1,44.45265557534357,0.034010916206369757,-266.90371664451766,-44.483847541999232,-44.483851616779134,-0.031187380264810827,44.483847541999232,0,0
0.0019973899999921278,-1.425853696446211,0.89946183834399562,-4.7066350816749036e-05,1.4258065164085565,4.6520724126253299,-1.3649525953951525e-05,4.6775282811495345,-1.3642420526593924e-05,4.6676885929741729,-1.3642420526593924e-05,0,1,44.452688636430636,0.035643985703728731,-266.90659408018195,-44.484327305337487,-44.484331248144159,-0.031634016834438228,44.484327305337487,0,0
0.0019973949999921277,-1.4907587626566965,0.86697863821427745,-4.5702108764089644e-05,1.4907130037045135,4.7169176937700286,-1.2157386208855314e-05,4.7423738465113274,-1.2150280781497713e-05,4.7325340517545555,-1.2157386208855314e-05,0,1,44.45272414479345,0.037266682271166474,-266.90945252110998,-44.484803826444661,-44.484807799500146,-0.03207496473352478,44.484803826444661,0,0
0.0019973999999921277,-1.5552290335563157,0.83449509702404612,-4.6497916628140956e-05,1.5551824787962687,4.7808896539436319,-1.3585577107733116e-05,4.8063460624803156,-1.3578471680375515e-05,4.7965061611421334,-1.3578471680375515e-05,0,1,44.452762068370035,0.038878400552647463,-266.91228929760325,-44.485276825402146,-44.485280661246541,-0.032509976142456765,44.485276825402146,0,0
0.0019974049999921277,-1.6192489624700102,0.80201118635159219,-4.5019987737759948e-05,1.6192038572171441,4.8439632323038495,-1.2093437362636905e-05,4.8694199179522002,-1.2093437362636905e-05,4.8595799171380349,-1.2093437362636905e-05,0,1,44.452802373933189,0.040478968601178167,-266.915104162234,-44.48574609439428,-44.485749958138818,-0.032938876497858871,44.48574609439428,0,0
0.0019974099999921276,-1.6828032585181063,0.76952696304033452,-4.581579560181126e-05,1.6827574143007951,4.9061019993246191,-1.3493206552084303e-05,4.9315589407683547,-1.3486101124726702e-05,4.921718833372779,-1.3493206552084303e-05,0,1,44.452845027103635,0.042067790354877843,-266.91789443987136,-44.486211355459282,-44.486215076839905,-0.033361422253648243,44.486211355459282,0,0
0.0019974149999921276,-1.7458767729294777,0.73704237024685426,-4.4337866711430252e-05,1.745832349797638,4.9672813702272833,-1.2015277661703294e-05,4.9927386029935406,-1.2008172234345693e-05,4.9828984103328366,-1.2001066806988092e-05,0,1,44.452889992357846,0.043644698452936836,-266.92065990628942,-44.486672401756962,-44.486676148739448,-0.033777442117745693,44.486672401756962,0,0
0.0019974199999921276,-1.8084544706198358,0.70455746481457027,-4.5133674575481564e-05,1.8084093653669697,5.0274655976068061,-1.3379519714362686e-05,5.0529230790630209,-1.3365308859647484e-05,5.0430827727154792,-1.3365308859647484e-05,0,1,44.452937233041325,0.045209106466217008,-266.92339788173808,-44.487128957543518,-44.487132557098235,-0.034186697036595604,44.487128957543518,0,0
0.0019974249999921275,-1.8705214870351483,0.67207221832177311,-4.3542058847378939e-05,1.8704777460243349,5.0866305869590178,-1.1908696251339279e-05,5.1120883242106174,-1.1894485396624077e-05,5.1022479183870928,-1.1894485396624077e-05,0,1,44.452986711376852,0.046760852010720555,-266.92610816622494,-44.487580817193248,-44.487584440105465,-0.034589019185816028,44.487580817193248,0,0
0.0019974299999921275,-1.9320630428865115,0.63958665919017221,-4.4337866711430252e-05,1.9320186765980907,5.1447412872107634,-1.3223200312495464e-05,5.1701992944686026,-1.3216094885137863e-05,5.1603587962745223,-1.3216094885137863e-05,0,1,44.453038388479627,0.048299358620511157,-266.92878808009181,-44.488027707391936,-44.488031177904546,-0.034984174171022175,44.488027707391936,0,0
0.0019974349999921275,-1.993064643102116,0.60710073057634872,-4.2859937821049243e-05,1.9930216694774572,5.2017741509757798,-1.1752376849472057e-05,5.2272323785018671,-1.1745271422114456e-05,5.2173917879372311,-1.1745271422114456e-05,0,1,44.45309222436471,0.049824469269736937,-266.93143744541123,-44.488469423989315,-44.488472915672574,-0.035371997850461412,44.488469423989315,0,0
0.0019974399999921275,-2.053511792610152,0.57461454616714036,-4.3542058847378939e-05,2.0534682221295952,5.2576948021965109,-1.305267005591304e-05,5.2831532926234104,-1.3045564628555439e-05,5.2733125883719367,-1.3045564628555439e-05,0,1,44.453148177962632,0.05133561777762452,-266.93405358448354,-44.488905696341106,-44.488909030748836,-0.035752260683672432,44.488905696341106,0,0
0.0019974449999921274,-2.1133903658210329,0.54212802069741883,-4.2064129956997931e-05,2.1133482164259476,5.312480297448019,-1.1574741165532032e-05,5.337939036564876,-1.1581846592889633e-05,5.328098225731992,-1.1574741165532032e-05,0,1,44.45320620712873,0.052832652848195494,-266.93663634564706,-44.489336321973227,-44.489339675424866,-0.036124802364199127,44.489336321973227,0,0
0.0019974499999921274,-2.1726861803017528,0.50964115416718414,-4.2632564145606011e-05,2.1726434624724789,5.3660970138480479,-1.283950723518501e-05,5.3915559945494351,-1.283950723518501e-05,5.3817151055568502,-1.283950723518501e-05,0,1,44.453266268658282,0.05431501889898982,-266.93918305234786,-44.489761033182759,-44.4897642245827,-0.036489398427470121,44.489761033182759,0,0
0.0019974549999921274,-2.2313853662581096,0.47715400341985514,-4.1268322092946619e-05,2.2313440695143072,5.4185225693004213,-1.1382894626876805e-05,5.4439817915863387,-1.1382894626876805e-05,5.4341408031177707,-1.1375789199519204e-05,0,1,44.453328318295902,0.055782570726819358,-266.94169357972982,-44.490179629394802,-44.490182837775286,-0.036845892576330641,44.490179629394802,0,0
0.0019974599999921273,-2.2894742244261579,0.44466654003372241,-4.1723069443833083e-05,2.2894323592481669,5.4697241225198923,-1.2605028132384177e-05,5.4951835792849124,-1.2605028132384177e-05,5.4853425055512162,-1.2605028132384177e-05,0,1,44.453392310751425,0.057234763651450749,-266.94416525453562,-44.490591846088705,-44.490594887744606,-0.037194065613164184,44.490591846088705,0,0
0.0019974649999921273,-2.3469391408070805,0.41217879243049538,-4.0472514228895307e-05,2.3468987251362705,5.5196799166878918,-1.1155520951433573e-05,5.5451396079320148,-1.1155520951433573e-05,5.5352984489331902,-1.1148415524075972e-05,0,1,44.453458199710674,0.058671458914943742,-266.94659798146643,-44.490997484786874,-44.491000541425556,-0.037533765396283059,44.490997484786874,0,0
0.0019974699999921273,-2.4037667571974453,0.37969073218846461,-4.0813574742060155e-05,2.4037258299358655,5.5683578779053278,-1.2349232747510541e-05,5.5938178178394082,-1.234212732015294e-05,5.5839765593646007,-1.234212732015294e-05,0,1,44.453525937851225,0.060092123034110045,-266.94898909088852,-44.491396284391627,-44.491399169739886,-0.037864778182523651,44.491396284391627,0,0
0.0019974749999921272,-2.4599438859240763,0.34720238772933953,-3.9449332689400762e-05,2.4599044365913869,5.6157369385800848,-1.0899725566559937e-05,5.6411970703607039,-1.0899725566559937e-05,5.6313557337261955,-1.0892620139202336e-05,0,1,44.453595476852982,0.061496624037999936,-266.95133851709301,-44.491788048767987,-44.491790947170131,-0.038186956178073217,44.491788048767987,0,0
0.0019974799999921272,-2.515457538265764,0.31471378747482959,-3.9904080040287226e-05,2.5154175489205954,5.6617858135155075,-1.2065015653206501e-05,5.6872461655643747,-1.2065015653206501e-05,5.6774047294538832,-1.20579102258489e-05,0,1,44.453666767415285,0.062884439926307323,-266.95364359737641,-44.492172520450879,-44.492175243106729,-0.03850009124978726,44.492172520450879,0,0
0.0019974849999921272,-2.5702948391881364,0.28222487458151591,-3.8426151149906218e-05,2.5702563277718582,5.7064840959242247,-1.0622613899613498e-05,5.7319446966630494,-1.0615508472255897e-05,5.7221031966037117,-1.0615508472255897e-05,0,1,44.453739759268679,0.064255445846100656,-266.95590429824409,-44.492549505830141,-44.492552239682112,-0.038804040077366153,44.492549505830141,0,0
0.0019974899999921272,-2.6244431978739158,0.24973573431452678,-3.8880898500792682e-05,2.6244042032885773,5.7498013887880006,-1.1745271422114456e-05,5.7752621742679366,-1.1745271422114456e-05,5.765420596048898,-1.1745271422114456e-05,0,1,44.453814401190968,0.065609131554566602,-266.95811796205692,-44.492918751348441,-44.492921305111921,-0.039098600356084035,44.492918751348441,0,0
0.0019974949999921271,-2.6778901940360811,0.21724628140873392,-3.7402969610411674e-05,2.677852677379633,5.7917179390187812,-1.0309975095879054e-05,5.8171789305561106,-1.0309975095879054e-05,5.8073372599665163,-1.0309975095879054e-05,0,1,44.453890641018731,0.066945379638553959,-266.96028458740699,-44.493280066159762,-44.493282629335965,-0.03938363342309259,44.493280066159762,0,0
0.0019974999999921271,-2.7306235494961584,0.18475657270755619,-3.7857716961298138e-05,2.7305856065140688,5.8322042164604682,-1.1404210908949608e-05,5.8576654211606183,-1.1397105481592007e-05,5.8478236795167504,-1.1390000054234406e-05,0,1,44.453968425666311,0.068263691877263,-266.96240152849475,-44.493633200748995,-44.493635579610022,-0.03965894287846794,44.493633200748995,0,0
0.0019975049999921271,-2.782631270292768,0.15226660821099358,-3.6493474908638746e-05,2.7825948052395688,5.8712411998840253,-9.9689145827142056e-06,5.8967025893252867,-9.9689145827142056e-06,5.8868607553108632,-9.9618091553566046e-06,0,1,44.454047701136624,0.069563958607346876,-266.96446881466039,-44.49397796728487,-44.493980353852827,-0.03992439490704669,44.49397796728487,0,0
0.001997509999992127,-2.833901532994787,0.11977641634075553,-3.6720848584081978e-05,2.8338646131942369,5.9088002188900646,-1.1027623258996755e-05,5.9342618214941467,-1.1020517831639154e-05,5.924419923530877,-1.1020517831639154e-05,0,1,44.454128412539973,0.070845693883228478,-266.96648381218159,-44.494314120530106,-44.494316318674649,-0.040179799189907328,44.494314120530106,0,0
0.001997514999992127,-2.8844226562796393,0.087285997096842038,-3.5356606531422585e-05,2.8843872428296891,5.9448630338465591,-9.6065377874765545e-06,5.9703248140863252,-9.5994323601189535e-06,5.9604828521742093,-9.6065377874765545e-06,0,1,44.454210504106072,0.072108796090446958,-266.96844658363744,-44.494641475842315,-44.494643680067597,-0.040425026873215586,44.494641475842315,0,0
0.001997519999992127,-2.9341832430418435,0.054795322057543672,-3.5697667044587433e-05,2.9341474601096706,5.9794018625325407,-1.0629719326971099e-05,6.0048638417242728,-1.0622613899613498e-05,5.9950218087578833,-1.0622613899613498e-05,0,1,44.4542939192023,0.073352791802619777,-266.97035450724331,-44.494959792510201,-44.494961804326081,-0.040659893906038747,44.494959792510201,0,0
0.001997524999992127,-2.9831721235495934,0.022304419644569862,-3.4333424991928041e-05,2.9831377901246015,6.0123992042804275,-9.2157392828084994e-06,6.0378613255807068,-9.2157392828084994e-06,6.0280192073491889,-9.2086338554508984e-06,0,1,44.454378600346473,0.074577587740975559,-266.97220768032014,-44.495268889262491,-44.495270905614248,-0.04088427651682025,44.495268889262491,0,0
0.0019975299999921269,-3.0313782417579205,-0.010186710142079392,-3.4560798667371273e-05,3.0313435672724154,6.0438282574182267,-1.0203393685515039e-05,6.0692905705650446,-1.0203393685515039e-05,6.0594484025955353,-1.0203393685515039e-05,0,1,44.454464489227085,0.075782723229963267,-266.97400349786005,-44.495568530076362,-44.495570350156918,-0.041097997021019239,44.495568530076362,0,0
0.0019975349999921269,-3.0787908826823696,-0.042678067302404088,-3.3082869776990265e-05,3.0787576861257548,6.0736722531373744,-8.7965190687100403e-06,6.0991347083927394,-8.7965190687100403e-06,6.0892924693689565,-8.7965190687100403e-06,0,1,44.454551526714901,0.076968113601651567,-266.97574208963238,-44.495858537294772,-44.495860360451012,-0.041300936907617825,44.495858537294772,0,0
0.0019975399999921269,-3.1253994734470325,-0.075169623414694797,-3.3423930290155113e-05,3.1253659642516141,6.1019053489985708,-9.7486463346285746e-06,6.1273679961004746,-9.7486463346285746e-06,6.1175256931278454,-9.7486463346285746e-06,0,1,44.454639652882804,0.078133311153095519,-266.97742086720814,-44.496138679803693,-44.496140302953783,-0.041492925015539583,44.496138679803693,0,0
0.0019975449999921268,-3.1711936401279672,-0.10766137847895152,-3.1946001399774104e-05,3.1711616088614392,6.128511586211971,-8.3559825725387782e-06,6.1539743825278492,-8.3559825725387782e-06,6.144132036922656,-8.3488771451811772e-06,0,1,44.454728807019542,0.079278240090530971,-266.97903999759404,-44.496408783700147,-44.496410408551633,-0.041673848169018868,44.496408783700147,0,0
0.0019975499999921268,-3.2161632930183259,-0.14015333249517425,-3.2173375075217336e-05,3.2161309491129941,6.1534660886763959,-9.2725827016693074e-06,6.1789290342062486,-9.2654772743117064e-06,6.1690866246522091,-9.2654772743117064e-06,0,1,44.45481892764856,0.080402465892348118,-266.98059690731031,-44.496668623029038,-44.496670044269834,-0.041843541914388993,44.496668623029038,0,0
0.0019975549999921268,-3.2602985413632268,-0.17264542861994414,-3.0695446184836328e-05,3.2602677038084948,6.1767537218315738,-7.8799189395795111e-06,6.202216795259119,-7.8728135122219101e-06,6.1923743146508059,-7.8728135122219101e-06,0,1,44.454909952542387,0.081505921890880018,-266.98209180225058,-44.496918027805748,-44.496919449461117,-0.042001898509639091,44.496918027805748,0,0
0.0019975599999921267,-3.3035897217814636,-0.20513775211838947,-3.092281986027956e-05,3.3035585715879279,6.198350568809019,-8.7680973592796363e-06,6.2238138056613934,-8.7609919319220353e-06,6.2139712824205162,-8.7609919319220353e-06,0,1,44.455001818743156,0.082588186943326036,-266.98352212816076,-44.497156777376631,-44.497157991948612,-0.042148760282906039,44.497156777376631,0,0
0.0019975649999921267,-3.3460273982655053,-0.23763021772538195,-2.9444890969898552e-05,3.3459977544225694,6.2182423263834607,-7.3896444519050419e-06,6.2437056698172455,-7.3896444519050419e-06,6.2338631039438042,-7.3825390245474409e-06,0,1,44.455094462575609,0.083649203747029333,-266.9848881268689,-44.497384705919181,-44.497385919709501,-0.042284025101245959,44.497384705919181,0,0
0.0019975699999921267,-3.3876023621814966,-0.27012288228434045,-2.9899638320785016e-05,3.3875724341214664,6.2364061363950896,-8.2351903074595612e-06,6.2618696148319941,-8.2351903074595612e-06,6.2520269921151339,-8.2280848801019602e-06,0,1,44.455187819668055,0.08468856472413222,-266.98618726521937,-44.497601598271082,-44.497602601639343,-0.042407542196890802,44.497601598271082,0,0
0.0019975749999921267,-3.4283056606909668,-0.30261566053013667,-2.8308022592682391e-05,3.4282772389815364,6.252828498531926,-6.8709482548001688e-06,6.2782921119719504,-6.8709482548001688e-06,6.2684494395170987,-6.8638428274425678e-06,0,1,44.455281824967216,0.085706222162173162,-266.98741982506533,-44.497807292886648,-44.497808294368411,-0.042519215090933926,44.497807292886648,0,0
0.0019975799999921266,-3.4681285114857019,-0.33510863772789889,-2.8535396268125623e-05,3.4680999192460149,6.2674875778157002,-7.680966973566683e-06,6.2929512765208528,-7.680966973566683e-06,6.283108561433437,-7.673861546209082e-06,0,1,44.455376412757644,0.086701782222007751,-266.98858329127296,-44.498001580335902,-44.498002368194165,-0.042618900090680256,44.498001580335902,0,0
0.0019975849999921266,-3.5070625017397106,-0.36760170019078942,-2.7057467377744615e-05,3.507035387428914,6.2803707407965703,-6.3238303482648917e-06,6.305834538977706,-6.3167249209072907e-06,6.295991781257726,-6.3167249209072907e-06,0,1,44.455471516676944,0.087675206997289479,-266.98967798739898,-44.498184303524958,-44.498185088484945,-0.042706506477273365,44.498184303524958,0,0
0.0019975899999921266,-3.5450993038921297,-0.40009490476222709,-2.7398527890909463e-05,3.5450719622076576,6.291457196994088,-7.0912165028857999e-06,6.3169210946512067,-7.0983219302434009e-06,6.3070783085095172,-7.0912165028857999e-06,0,1,44.455567069737789,0.088626116547885658,-266.99070142211929,-44.498355258847354,-44.49835582712015,-0.042781897652368173,44.498355258847354,0,0
0.0019975949999921265,-3.5822309598643187,-0.43258822302050248,-2.5806912162806839e-05,3.5822050961087371,6.3007351656096944,-5.7553961596568115e-06,6.3261991556373687,-5.7482907322992105e-06,6.3163563339685425,-5.7553961596568115e-06,0,1,44.45566300434146,0.089554482972488358,-266.99165395720161,-44.498514293890196,-44.498514858348649,-0.042844988813570239,44.498514293890196,0,0
0.0019975999999921265,-3.6184496536861843,-0.46508168338732503,-2.5920599000528455e-05,3.6184236194003461,6.3081849361878994,-6.4872551774897147e-06,6.333649011480702,-6.4872551774897147e-06,6.3238061613901664,-6.4801497501321137e-06,0,1,44.455759252299387,0.090459940380497983,-266.9925331252058,-44.498661211069916,-44.498661555917757,-0.042895650585592193,44.498661211069916,0,0
0.0019976049999921265,-3.6537478820264369,-0.49757522901927587,-2.4442670110147446e-05,3.6537233540911984,6.313795616108564,-5.1585402616183273e-06,6.3392597766664949,-5.1514348342607263e-06,6.3294168839433951,-5.1514348342607263e-06,0,1,44.455855744848506,0.091342471064876918,-266.99333933011758,-44.498795862752388,-44.498796202965892,-0.042933804108258755,44.498795862752388,0,0
0.0019976099999921264,-3.6881183120840433,-0.530068859916355,-2.4556356947869062e-05,3.6880935851968388,6.3175485252031649,-5.8619775700208265e-06,6.3430127568153694,-5.8619775700208265e-06,6.3331698427759875,-5.8548721426632255e-06,0,1,44.455952412672673,0.092201723319618623,-266.99407012843062,-44.498918057562406,-44.498918175384148,-0.042959327341215214,44.498918057562406,0,0
0.0019976149999921264,-3.7215539236967743,-0.56256257607856242,-2.319211489520967e-05,3.7215307315818791,6.3194337016625468,-4.5474735088646412e-06,6.3448979830127428,-4.5332626541494392e-06,6.3350550405516515,-4.5332626541494392e-06,0,1,44.456049185917664,0.093037689806635626,-266.99472596605108,-44.499027652811165,-44.499027765276239,-0.04297214745980682,44.499027652811165,0,0
0.0019976199999921264,-3.7540480093412043,-0.5950563490841887,-2.319211489520967e-05,3.7540246466960525,6.3194335382377176,-5.2082782531215344e-06,6.344897869325905,-5.2082782531215344e-06,6.335054912653959,-5.2082782531215344e-06,0,1,44.456145994213607,0.093850033128660471,-266.99530442646261,-44.499124463453661,-44.499124350889062,-0.042972149806516313,44.499124463453661,0,0
0.0019976249999921264,-3.7855939183373266,-0.6275502357766527,-2.1714186004828662e-05,3.7855720620427746,6.3175389684033689,-3.893774191965349e-06,6.3430033421241205,-3.893774191965349e-06,6.3331603570304651,-3.893774191965349e-06,0,1,44.456242766689968,0.09463875647787745,-266.99580599727688,-44.499208351915215,-44.499208233370993,-0.042959267686278224,44.499208351915215,0,0
0.0019976299999921263,-3.8161853979090665,-0.66004415089082613,-2.1827872842550278e-05,3.8161634279276768,6.3137334862517491,-4.5261572267918382e-06,6.339197923921347,-4.5261572267918382e-06,6.3293549317222642,-4.5332626541494392e-06,0,1,44.456339431998018,0.095403536877540773,-266.99622828999213,-44.499279139632677,-44.499278793565473,-0.042933393901172678,44.499279139632677,0,0
0.0019976349999921263,-3.8458164510757342,-0.69253812284841842,-2.0577317627612501e-05,3.8457959874449443,6.308008941857679,-3.2258640203508548e-06,6.3334733937381316,-3.2187585929932538e-06,6.3236303944336214,-3.2258640203508548e-06,0,1,44.456435918325731,0.096144388197984654,-266.99657183383943,-44.499336694289667,-44.499336341720372,-0.042894467954994298,44.499336694289667,0,0
0.0019976399999921263,-3.874481222965187,-0.72503209480601072,-2.0463630789890885e-05,3.8744606456475594,6.3003499377600747,-3.82982534574694e-06,6.3258144038513819,-3.822719918389339e-06,6.3159713832305897,-3.822719918389339e-06,0,1,44.456532153420177,0.09686100198067038,-266.99683426896468,-44.499380843961497,-44.499380261522113,-0.042842390191381696,44.499380843961497,0,0
0.0019976449999921262,-3.9021742566092144,-0.75752612360702187,-1.8985701899509877e-05,3.9021551856421866,6.2907492122121766,-2.5508484213787597e-06,6.3162137067251933,-2.5366375666635577e-06,6.3063706789989737,-2.5366375666635577e-06,0,1,44.456628064603905,0.097553402909653641,-266.99701616969708,-44.499411461678179,-44.49941087231494,-0.042777106325061709,44.499411461678179,0,0
0.0019976499999921262,-3.9288902371481527,-0.79002018082974246,-1.9099388737231493e-05,3.9288710524942871,6.2791925188321329,-3.1121771826292388e-06,6.3046570133451496,-3.1050717552716378e-06,6.2948139785135027,-3.1121771826292388e-06,0,1,44.456723578797003,0.098221297130208995,-266.99711520454804,-44.499428382310612,-44.499427560877891,-0.042698524321089337,44.499428382310612,0,0
0.0019976549999921262,-3.9546241623611422,-0.82251423805246304,-1.7621459846850485e-05,3.9546064556361671,6.2656735124733132,-1.8332002582610585e-06,6.2911380354080393,-1.8403056856186595e-06,6.2812950147872471,-1.8260948309034575e-06,0,1,44.456818622532914,0.098864720260564809,-266.99713199225397,-44.499431484382576,-44.499430655705893,-0.04260659617614948,44.499431484382576,0,0
0.0019976599999921262,-3.9793712574009987,-0.8550082668534742,-1.7735146684572101e-05,3.9793534654108953,6.2501790694113879,-2.3661073100811336e-06,6.275643592346114,-2.3661073100811336e-06,6.2658005717253218,-2.3661073100811336e-06,0,1,44.456913121981088,0.099483393121943209,-266.99706423140412,-44.499420609676349,-44.499419546879537,-0.042501237516191281,44.499420609676349,0,0
0.0019976649999921261,-4.0031270032159227,-0.88750232407619478,-1.6143530956469476e-05,4.0031107175764191,6.2327037966269927,-1.1013412404281553e-06,6.258168284034582,-1.0942358130705543e-06,6.2483252705192172,-1.0942358130705543e-06,0,1,44.457007002962257,0.10007736237557197,-266.99691258425725,-44.49939564235806,-44.499394572100044,-0.042382406692006214,44.49939564235806,0,0
0.0019976699999921261,-4.0258871933929186,-0.91999632445549651,-1.6257217794191092e-05,4.0258708793317055,6.2132356646316111,-1.5987211554602254e-06,6.2387001520392005,-1.5987211554602254e-06,6.2288571314184082,-1.5916157281026244e-06,0,1,44.457100190972461,0.10064636357779477,-266.99667478343974,-44.499356431201484,-44.499355124921443,-0.042250026993357892,44.499356431201484,0,0
0.0019976749999921261,-4.0476478488926659,-0.9524902964130888,-1.4779288903810084e-05,4.0476329843386338,6.1917702396385721,-3.5527136788005009e-07,6.2172346915190246,-3.4816594052244909e-07,6.2073916922145145,-3.4816594052244909e-07,0,1,44.457192611198657,0.10119045452674413,-266.99635153521234,-44.4993028661167,-44.499301552261436,-0.042104063147803572,44.4993028661167,0,0
0.001997679999992126,-4.06840521804952,-0.98498423994897166,-1.48929757415317e-05,4.0683902966520691,6.1682966361331637,-8.1712414612411521e-07,6.1937610311701974,-8.1712414612411521e-07,6.1839180531819693,-8.1001871876651421e-07,0,1,44.457284188540733,0.10170938555972953,-266.99594060291366,-44.499234803059672,-44.499233251431477,-0.041944446222302645,44.499234803059672,0,0
0.001997684999992126,-4.0881558334149304,-1.0174780982197262,-1.3301360013429075e-05,4.0881424183680792,6.1428113298234166,4.1211478674085811e-07,6.1682757035441682,4.1211478674085811e-07,6.1584327397667948,4.1922021409845911e-07,0,1,44.457374847628557,0.1022032256925911,-266.99544274031257,-44.499152137746606,-44.499150578531996,-0.041771147306718603,44.499152137746606,0,0
0.001997689999992126,-4.1068964833357313,-1.0499719280687714,-1.3301360013429075e-05,4.1068830398671707,6.1153046075901329,-2.1316282072803006e-08,6.140768910256611,-7.1054273576010019e-09,6.1309259677955197,-1.4210854715202004e-08,0,1,44.457464512844744,0.10267174007705648,-266.99485574315116,-44.499054733408315,-44.499052934821059,-0.041584105258962722,44.499054733408315,0,0
0.0019976949999921259,-4.1246242687975609,-1.0824656726526882,-1.1823431123048067e-05,4.1246123032578907,6.085773911479464,1.2079226507921703e-06,6.1112381573025232,1.2079226507921703e-06,6.1013952219468592,1.2079226507921703e-06,0,1,44.457553108340704,0.10311500901372028,-266.99418041137454,-44.498942491694791,-44.49894068561359,-0.041383297580175338,44.498942491694791,0,0
0.0019976999999921259,-4.1413364613163139,-1.1149593035497674,-1.1937117960769683e-05,4.1413244673549343,6.0542106368188797,8.0291329140891321e-07,6.0796747902713832,8.1001871876651421e-07,6.0698319117591382,8.1001871876651421e-07,0,1,44.457640558060191,0.1035328124877708,-266.99341457542971,-44.49881528319581,-44.498813236293707,-0.041168670924982109,44.49881528319581,0,0
0.0019977049999921259,-4.1570306734683982,-1.1474528491817182,-1.0345502232667059e-05,4.1570201574359089,6.0206131635709426,2.0108359422010835e-06,6.0460772530745999,2.0179413695586845e-06,6.0362343816677821,2.0179413695586845e-06,0,1,44.457726785754453,0.10392524213824572,-266.99255907939852,-44.498673015623837,-44.498670961424907,-0.040940209256220328,44.498673015623837,0,0
0.0019977099999921259,-4.1717047736256063,-1.1799462811268313,-1.0459189070388675e-05,4.1716942007496982,5.9849740665640638,1.6626700016786344e-06,6.0104380565917381,1.6555645743210334e-06,6.0005952349229119,1.6555645743210334e-06,0,1,44.457811715006258,0.10429209279115526,-266.99161179065987,-44.498515566996453,-44.49851327067946,-0.040697867016127987,44.498515566996453,0,0
0.0019977149999921258,-4.1853568006899877,-1.2124396278068161,-8.9812601800076663e-06,4.1853477341646794,5.9472926778880719,2.8492763703980017e-06,5.9727565755451906,2.8492763703980017e-06,5.9629137965089285,2.8492763703980017e-06,0,1,44.457895269245931,0.10463346746337265,-266.99057359923307,-44.498342851158,-44.498340547845686,-0.040441634619391209,44.498342851158,0,0
0.0019977199999921258,-4.1979851346241048,-1.2449327755348349,-8.9812601800076663e-06,4.1979760680987965,5.9075626737126186,2.5153212845907547e-06,5.9330264718937542,2.5153212845907547e-06,5.923183749700911,2.5224267119483557e-06,0,1,44.457977371774206,0.10494917581473828,-266.98944240766309,-44.498154753677582,-44.498152207102208,-0.040171474340695568,44.498154753677582,0,0
0.0019977249999921258,-4.2095884396076144,-1.2774258379977255,-7.503331289626658e-06,4.2095808510111965,5.8657843808873622,3.680611371237319e-06,5.8912480440653781,3.68771679859492e-06,5.8814053431888169,3.694822225952521e-06,0,1,44.458057945778037,0.1052393322672458,-266.98821915156685,-44.497951194620363,-44.49794864145553,-0.039887383057944703,44.497951194620363,0,0
0.0019977299999921257,-4.2201656356155581,-1.3099187299303594,-7.617018127348274e-06,4.2201580185974308,5.8219526266611865,3.3892888495756779e-06,5.8474161690469373,3.3963942769332789e-06,5.8375735179083676,3.3892888495756779e-06,0,1,44.45813691435491,0.10550376129498318,-266.98690177278723,-44.497732067142067,-44.497729269720736,-0.039589330834537861,44.497732067142067,0,0
0.0019977349999921257,-4.2297157847315248,-1.3424114513327368,-6.1390892369672656e-06,4.2297096456422878,5.7760686758001611,4.5474735088646412e-06,5.8015320760773648,4.5545789362222422e-06,5.7916894746767866,4.5545789362222422e-06,0,1,44.458214200528488,0.10574258873685949,-266.98549125237281,-44.497497297590613,-44.497494494089644,-0.039277320993448939,44.497497297590613,0,0
0.0019977399999921257,-4.2382383753647446,-1.3749039737831481,-6.0254023992456496e-06,4.2382322362755076,5.728128492421547,4.2774672692758031e-06,5.7535917434847761,4.2916781239910051e-06,5.7437491918221895,4.2916781239910051e-06,0,1,44.45828972727135,0.1059556538484685,-266.98398556855045,-44.497246786850098,-44.497243738251882,-0.038951331450249427,44.497246786850098,0,0
0.0019977449999921256,-4.245733038032995,-1.4073963541250123,-4.5474735088646412e-06,4.2457284052943578,5.6781342863132522,5.4214410738495644e-06,5.7035973881625068,5.4285465012071654e-06,5.6937549075541938,5.4285465012071654e-06,0,1,44.458363417521781,0.1061430938856347,-266.98238575064306,-44.496980467585814,-44.49697741352098,-0.038611371929746952,44.496980467585814,0,0
0.0019977499999921256,-4.2521998011579853,-1.439888507093201,-4.5474735088646412e-06,4.2521951115759293,5.6260831868826244,5.1940673984063324e-06,5.6515461324124772,5.2011728257639334e-06,5.6417037157530103,5.2011728257639334e-06,0,1,44.458435194206608,0.10630476283978396,-266.9806898140771,-44.496698248456056,-44.496694948605281,-0.03825742816626132,44.496698248456056,0,0
0.0019977549999921256,-4.257638750004844,-1.4723804611094238,-3.1832314562052488e-06,4.2576355383516784,5.571978341833983,6.3167249209072907e-06,5.5974411239390065,6.3238303482648917e-06,5.5875987641229585,6.3238303482648917e-06,0,1,44.458504980256969,0.10644080936899059,-266.978898834625,-44.496400068528033,-44.496396763926953,-0.037889516292722192,44.496400068528033,0,0
0.0019977599999921256,-4.2620503961643408,-1.5048721593302616,-3.1832314562052488e-06,4.2620472129328846,5.51581802454848,6.1248783822520636e-06,5.5412806219123922,6.1248783822520636e-06,5.5314383473614726,6.1248783822520636e-06,0,1,44.458572698631876,0.1065511021420491,-266.97701086715398,-44.496085844275605,-44.496082293351414,-0.037507629825704214,44.496085844275605,0,0
0.0019977649999921255,-4.2654355070226302,-1.5373636301774241,-1.7053025658242404e-06,4.2654337448766455,5.4576063135414188,7.2262196226802189e-06,5.4830687261642197,7.2333250500378199e-06,5.4732265155621462,7.2262196226802189e-06,0,1,44.458638272333644,0.10663580119182825,-266.97502703334879,-44.495755521229782,-44.49575196637452,-0.037111791289824225,44.495755521229782,0,0
0.0019977699999921255,-4.2677949636527046,-1.569854873650911,-1.5916157281026244e-06,4.2677932583501388,5.3973426332731833,7.0627947934553958e-06,5.4228048469440182,7.0556893660977948e-06,5.4129627073962183,7.0627947934553958e-06,0,1,44.458701624431463,0.10669478979298219,-266.97294542827649,-44.495409023726268,-44.495405222161708,-0.03670200195217177,44.495409023726268,0,0
0.0019977749999921255,-4.2691301018749073,-1.6023458613290131,-1.1368683772161603e-07,4.2691297892361035,5.3350319930700607,8.1357143244531471e-06,5.3604939793672202,8.1428197518107481e-06,5.3506519179791212,8.1499251791683491e-06,0,1,44.45876267807693,0.10672823931247422,-266.97076721988316,-44.495046303800443,-44.495042499226159,-0.036278290691519999,44.495046303800443,0,0
0.0019977799999921254,-4.2694423711964191,-1.6348365647900209,-1.1368683772161603e-07,4.2694421438227437,5.2706749542608122,8.0220274867315311e-06,5.296136748711433,8.0220274867315311e-06,5.2862947867993171,8.0220274867315311e-06,0,1,44.458821356527636,0.10673604754614985,-266.96849054435415,-44.494667293685197,-44.494663242165799,-0.035840666482606309,44.494667293685197,0,0
0.0019977849999921254,-4.2687335053415154,-1.667326955612225,1.2505552149377763e-06,4.2687346706316021,5.2042774498772815,9.0807361630140804e-06,5.2297389885325174,9.0807361630140804e-06,5.2198971047801024,9.0878415903716814e-06,0,1,44.458877583161758,0.10671839714129305,-266.96611661375755,-44.494271951982263,-44.494267898476295,-0.035389164543055074,44.494271951982263,0,0
0.0019977899999921254,-4.2670055506732751,-1.6998171190607536,1.2505552149377763e-06,4.2670067443850712,5.1358411639057522,8.9741547526500653e-06,5.1613024751873127,8.9812601800076663e-06,5.1514606767000259,8.9812601800076663e-06,0,1,44.458931281501705,0.10667520031807953,-266.9636436066944,-44.493860218858572,-44.493855918321245,-0.034923801515702735,44.493860218858572,0,0
0.0019977949999921253,-4.2642607525067433,-1.7323069414487691,2.6147972675971687e-06,4.2642633957257203,5.0653729815053339,1.0032863428932615e-05,5.0908340583077916,1.0032863428932615e-05,5.0809923592964878,1.0032863428932615e-05,0,1,44.458982375230164,0.10660665093655552,-266.96107278235803,-44.49343205945496,-44.493427758054175,-0.034444618851814823,44.49343205945496,0,0
0.0019977999999921253,-4.2605016687957686,-1.7647964511979808,2.8421709430404007e-06,4.2605043404364551,4.9928756666872687,9.9547037279990036e-06,5.0183365090106236,9.9618091553566046e-06,5.0084949094753028,9.9618091553566046e-06,0,1,44.459030788211706,0.10651267553180332,-266.95840235808998,-44.492987421957409,-44.492982873589014,-0.033951640870029109,44.492987421957409,0,0
0.0019978049999921253,-4.255730999602747,-1.7972856198866793,4.2064129956997931e-06,4.2557350639071956,4.9183570425270773,1.0984990694851149e-05,4.9438176006333379,1.099209612220875e-05,4.9339760863631454,1.0999201549566351e-05,0,1,44.459076444508256,0.10639347909784647,-266.95563363939362,-44.49252627808815,-44.492521730078394,-0.033444915222851535,44.49252627808815,0,0
0.0019978099999921253,-4.2499518428940064,-1.8297744190931553,4.2064129956997931e-06,4.2499559356201644,4.8418209956935243,1.0949463558063144e-05,4.8672812837935453,1.0949463558063144e-05,4.8574398832101906,1.0956568985420745e-05,0,1,44.459119268402588,0.10624900236263102,-266.95276488696771,-44.492048584009837,-44.492043789244022,-0.032924473786252406,44.492048584009837,0,0
0.0019978149999921252,-4.2431674103227124,-1.8622629056608275,5.5706550483591855e-06,4.2431729241343419,4.7632762161242681,1.1951328815484885e-05,4.7887362413234769,1.1951328815484885e-05,4.7788949686378146,1.1958434242842486e-05,0,1,44.459159184413579,0.10607946135993984,-266.94979745239795,-44.491554318035057,-44.491549524947999,-0.032390370345261488,44.491554318035057,0,0
0.0019978199999921252,-4.2353812830242532,-1.8947510227462772,5.6843418860808015e-06,4.2353868536793016,4.6827277344618778,1.1944223388127284e-05,4.7081874541277102,1.1951328815484885e-05,4.6983462738126036,1.1944223388127284e-05,0,1,44.459196117317454,0.10588481087623336,-266.94672963535106,-44.491043444387849,-44.491038404904288,-0.031842644342660265,44.491043444387849,0,0
0.0019978249999921252,-4.2265972126642737,-1.9272387419277948,7.0485839387401938e-06,4.2266041475613747,4.6001851430332863,1.2931877790833823e-05,4.6256445571657423,1.2938983218191424e-05,4.6158035118537555,1.2946088645549025e-05,0,1,44.459229992163678,0.10566527788162716,-266.94356283559819,-44.490515947950129,-44.490510911561657,-0.031281355601308292,44.490515947950129,0,0
0.0019978299999921251,-4.2168192635472224,-1.9597260632053803,6.9348971010185778e-06,4.2168262268660328,4.5156545098734568,1.2953194072906626e-05,4.5411136042616818,1.2953194072906626e-05,4.53127267974196,1.2960299500264227e-05,0,1,44.459260734297303,0.10542083107452527,-266.94029539442715,-44.489971800965371,-44.489966518685954,-0.030706551013558681,44.489971800965371,0,0
0.0019978349999921251,-4.2060516420860949,-1.9922130150007433,8.4128259913995862e-06,4.2060599412252486,4.4291463439094514,1.3919532193540363e-05,4.4546051185534452,1.3933743048255565e-05,4.4447643148259885,1.3933743048255565e-05,0,1,44.459288269373403,0.10515170824197639,-266.93692875688953,-44.489410994935298,-44.489405717262798,-0.030118296415551526,44.489410994935298,0,0
0.0019978399999921251,-4.1942988389109814,-2.0246995120487554,8.5265128291212022e-06,4.1943072801586823,4.3406678074120464,1.396927018504357e-05,4.3661262552063818,1.3976375612401171e-05,4.3562855793766175,1.3976375612401171e-05,0,1,44.459312523379452,0.10485789183647398,-266.93346130679089,-44.4888335101096,-44.488827987196331,-0.029516646062340612,44.4888335101096,0,0
0.0019978449999921251,-4.1815657141341944,-2.0571856111928355,9.7770680440589786e-06,4.1815754343588196,4.2502302761704414,1.4921397450962104e-05,4.2756883757988362,1.4928502878319705e-05,4.2658478207613371,1.4928502878319705e-05,0,1,44.459333422649586,0.10453963033327796,-266.92989453411991,-44.488239344593133,-44.488233827892657,-0.028901671713271071,44.488239344593133,0,0
0.001997849999992125,-4.1678571562897559,-2.0896712555895647,9.8907548817805946e-06,4.1678669617795094,4.1578419782695164,1.4999557151895715e-05,4.1832997226265434,1.5006662579253316e-05,4.173459302592164,1.5006662579253316e-05,0,1,44.459350893886857,0.10419691976798617,-266.92622686580324,-44.487628486638499,-44.487622725490375,-0.028273434909664275,44.487628486638499,0,0
0.001997854999992125,-4.1531785086590389,-2.1221564168172335,1.1254996934439987e-05,4.1531896215474262,4.0635151208334719,1.5923262708383845e-05,4.0889725383408404,1.5916157281026244e-05,4.0791322817312903,1.5930368135741446e-05,0,1,44.459364864177431,0.10383001916122225,-266.92245983661365,-44.487000940930358,-44.486995187693275,-0.027632013237806063,44.487000940930358,0,0
0.001997859999992125,-4.1375351429451257,-2.1546411801409704,1.1254996934439987e-05,4.1375463126769318,3.9672590403938557,1.602984411874786e-05,3.9927160671027195,1.6036949546105461e-05,3.9828759454962892,1.6036949546105461e-05,0,1,44.459375261011623,0.10343893795084114,-266.91859191464948,-44.486356703734792,-44.486350706985263,-0.026977475464128986,44.486356703734792,0,0
0.0019978649999921249,-4.1209328287550306,-2.1871254318739375,1.2619238987099379e-05,4.1209453058854706,3.8690867825152964,1.6932233393163187e-05,3.8945434255310829,1.6932233393163187e-05,3.8847034389277724,1.6946444247878389e-05,0,1,44.459382012298256,0.10302394554938132,-266.91462468040015,-44.485695786283252,-44.48568979923337,-0.026309904898212721,44.485695786283252,0,0
0.0019978699999921249,-4.1033774778043153,-2.2196091720161348,1.2732925824820995e-05,4.1033900117781741,3.7690086713837445,1.7074341940315207e-05,3.7944649378118811,1.7081447367672808e-05,3.7846251004225451,1.7081447367672808e-05,0,1,44.459385046386728,0.10258506460323247,-266.910556645577,-44.48501819279042,-44.485011963302981,-0.025629377395013364,44.48501819279042,0,0
0.0019978749999921249,-4.0848752860256354,-2.2520924289892719,1.3869794202037156e-05,4.0848890989764186,3.667038633636821,1.7955414932657732e-05,3.6924944950555982,1.7962520360015333e-05,3.6826548068802367,1.7962520360015333e-05,0,1,44.459384292079918,0.1021225747510357,-266.9063894332416,-44.484323941046725,-44.484317723136684,-0.024935981928173589,44.484323941046725,0,0
0.0019978799999921248,-4.0654326767253224,-2.2845751743716392,1.3983481039758772e-05,4.0654465465195244,3.563188016642016,1.8118839761882555e-05,3.5886434872622885,1.8125945189240156e-05,3.5788039696171836,1.8125945189240156e-05,0,1,44.459379678656063,0.10163651164316434,-266.9021215996965,-44.483613043171012,-44.483606584036025,-0.024229801326931977,44.483613043171012,0,0
0.0019978849999921248,-4.0450562153182545,-2.3170574365849461,1.5347723092418164e-05,4.0450713925110904,3.4574715499502418,1.8978596472152276e-05,3.4829265800340181,1.8978596472152276e-05,3.473087218708315,1.8985701899509877e-05,0,1,44.459371135881185,0.1011271649675507,-266.89775480899971,-44.482885523486473,-44.482879077894154,-0.023510930133738839,44.482885523486473,0,0
0.0019978899999921248,-4.0237528651232424,-2.349539101942355,1.5347723092418164e-05,4.0237680707377876,3.3499016183213826,1.9177548438165104e-05,3.3753562220795175,1.9170443010807503e-05,3.3655170170732163,1.9184653865522705e-05,0,1,44.459358594030348,0.10059458316428049,-266.8932876617813,-44.482141401988947,-44.482134716520193,-0.022779458056980673,44.482141401988947,0,0
0.0019978949999921248,-4.0015296463025152,-2.3820202272872848,1.659827830735594e-05,4.0015461308939848,3.2404937044816506,2.000177801164682e-05,3.2659478890195714,2.0008883439004421e-05,3.2561088616489542,2.0015988866362022e-05,0,1,44.459341983901723,0.100039065781516,-266.88872186682443,-44.481380709428272,-44.481374039551781,-0.022035485032844804,44.481380709428272,0,0
0.0019978999999921247,-3.9783938632353966,-2.4145008126197354,1.6711965145077556e-05,3.9784103762485756,3.1292612092670424,2.0222046259732451e-05,3.1547149461630397,2.0229151687090052e-05,3.1448760822172517,2.0229151687090052e-05,0,1,44.459321236835756,0.099460673822164836,-266.88405606469883,-44.480603473689285,-44.480596565419944,-0.021279107592320656,44.480603473689285,0,0
0.0019979049999921247,-3.9543531045183045,-2.4469808295179973,1.7848833522293717e-05,3.954370839664989,3.0162204254224889,2.1039170405856567e-05,3.041673700465708,2.1046275833214168e-05,3.0318350141556039,2.1046275833214168e-05,0,1,44.459296284728147,0.098859716496718875,-266.87929200725614,-44.479809731916482,-44.479802841371516,-0.020510430967910054,44.479809731916482,0,0
0.0019979099999921247,-3.9294150440127851,-2.4794602211386518,1.7962520360015333e-05,3.9294328360028885,2.9013857130166798,2.1287860363372602e-05,2.9268385262071206,2.1294965790730203e-05,2.9170000388489825,2.1302071218087804e-05,0,1,44.459267060051161,0.098236267134296895,-266.87442838030449,-44.47899951975414,-44.478992392431408,-0.019729558317266083,44.47899951975414,0,0
0.0019979149999921246,-3.9035876682191883,-2.5119390443251177,1.9213075574953109e-05,3.9036067107645067,2.7847740966535639,2.2069457372708712e-05,2.8102264408857991,2.2069457372708712e-05,2.8003881240579176,2.2076562800066313e-05,0,1,44.459233495864979,0.097590644396831294,-266.8694669747033,-44.478172880728792,-44.478165773343605,-0.018936600089716649,44.478172880728792,0,0
0.0019979199999921246,-3.8768791625898302,-2.5444172422339761,1.9213075574953109e-05,3.8768982051351486,2.666400931161661,2.2346569039655151e-05,2.6918527922248359,2.2346569039655151e-05,2.6820146601380657,2.2353674467012752e-05,0,1,44.459195525837629,0.096922933694202129,-266.86440651991995,-44.477329858212883,-44.477322515794818,-0.018131665974323141,44.477329858212883,0,0
0.0019979249999921246,-3.8492979115289927,-2.5768948432869365,2.0349943952169269e-05,3.849318204629526,2.5462839872147924,2.3099744339560857e-05,2.571735365108907,2.3106849766918458e-05,2.5618974177632481,2.3106849766918458e-05,0,1,44.459153084257714,0.096233462919030899,-266.85924884878381,-44.476470501994022,-44.476463181804434,-0.017314871452320801,44.476470501994022,0,0
0.0019979299999921245,-3.8208524983929237,-2.60937179064058,2.0463630789890885e-05,3.8208728199151665,2.4244395575578892,2.3412383143295301e-05,2.4498904522829434,2.3412383143295301e-05,2.4400527038892506,2.3412383143295301e-05,0,1,44.459106106053667,0.095522329304344566,-266.8539927332053,-44.475594863116861,-44.475587309767093,-0.016486332623635747,44.475594863116861,0,0
0.0019979349999921245,-3.7915517339115468,-2.641848112716616,2.148681232938543e-05,3.7915732491455856,2.3008861234075084,2.4144242161128204e-05,2.3263364781200835,2.4144242161128204e-05,2.3164989215729292,2.4151347588485805e-05,0,1,44.459054526804607,0.094789869744175803,-266.8486400442232,-44.474702997607736,-44.474695468853454,-0.015646169917005182,44.474702997607736,0,0
0.0019979399999921245,-3.7614046277667512,-2.6743237526716257,2.148681232938543e-05,3.7614261714224995,2.1756408870032828,2.447109181957785e-05,2.2010907372305155,2.4463986392220249e-05,2.191253393846182,2.447109181957785e-05,0,1,44.458998282760703,0.094036193028074422,-266.8431895994193,-44.473794964058442,-44.473787204141011,-0.014794505656851697,44.473794964058442,0,0
0.0019979449999921245,-3.7304203601706831,-2.7067987105056091,2.2851054382044822e-05,3.7304430406948086,2.0487230827370695,2.5181634555337951e-05,2.0741723574246862,2.5181634555337951e-05,2.0643352129923187,2.5181634555337951e-05,0,1,44.458937310853756,0.093261644810240796,-266.83764330724443,-44.472870824655374,-44.472863091774144,-0.013931465078528049,44.472870824655374,0,0
0.0019979499999921244,-3.6986083387091639,-2.7392730430619849,2.2737367544323206e-05,3.6986310192332894,1.9201507583943567,2.55298004958604e-05,1.945599528596631,2.5536905923218001e-05,1.9357625831162295,2.5536905923218001e-05,0,1,44.458871548716296,0.092466345162392827,-266.83200002928731,-44.471930645484626,-44.471922683559619,-0.013057176617571997,44.471930645484626,0,0
0.0019979549999921244,-3.6659781414982717,-2.7717466366539156,2.3874235921539366e-05,3.6660020441559027,1.7899438518043098,2.6219026949547697e-05,1.8153920677832502,2.6226132376905298e-05,1.8055553283602421,2.6226132376905298e-05,0,1,44.458800934692682,0.091650648248275957,-266.82626171220659,-44.470974494773202,-44.470966562395532,-0.012171770136667703,44.470974494773202,0,0
0.0019979599999921244,-3.6325396024494694,-2.80421954812482,2.4101609596982598e-05,3.6325634766853909,1.6581212989308369,2.6588509172142949e-05,1.6835689606864435,2.6602720026858151e-05,1.6737324486371108,2.659561459950055e-05,0,1,44.458725407856754,0.09081468513571167,-266.82042725893302,-44.470002446050472,-44.469994286868797,-0.011275380072419239,44.470002446050472,0,0
0.0019979649999921243,-3.598302697582767,-2.8366917206312792,2.5011104298755527e-05,3.5983277086870658,1.524703684196993,2.7249313916399842e-05,1.550150798834693,2.7256419343757443e-05,1.5403144857373263,2.7256419343757443e-05,0,1,44.458644908022947,0.08995881824031926,-266.81449865499491,-44.46901457348558,-44.469006446430001,-0.010368140758949096,44.46901457348558,0,0
0.0019979699999921243,-3.5632775166050124,-2.8691631825950026,2.5124791136477143e-05,3.5633025277093111,1.3897108246396783,2.7654323275783099e-05,1.4151573424214803,2.76614287031407e-05,1.4053212709086438,2.7668534130498301e-05,0,1,44.458559375763656,0.089083189332370694,-266.80847484431752,-44.468010957943648,-44.468002606441232,-0.0094501924691670069,44.468010957943648,0,0
0.0019979749999921243,-3.5274744902835664,-2.9016339055942808,2.6261659513693303e-05,3.527500609834533,1.253163901537846,2.8279600883251987e-05,1.2786098579908867,2.8293811737967189e-05,1.2687740138517256,2.8293811737967189e-05,0,1,44.458468752420011,0.088188168809722356,-266.80235785066924,-44.46699167943779,-44.466983362705022,-0.0085216738538775871,44.46699167943779,0,0
0.0019979799999921243,-3.490904106229209,-2.9341038896291138,2.6034285838250071e-05,3.4909302257801755,1.1150835987905339,2.872013737942325e-05,1.1405289512822492,2.872013737942325e-05,1.1306933345167636,2.8727242806780851e-05,0,1,44.458372980118817,0.087273908844196058,-266.79614665860709,-44.465956826066289,-44.465948287358479,-0.0075827308638736213,44.465956826066289,0,0
0.0019979849999921242,-3.4535771078481048,-2.9665731062777922,2.7284841053187847e-05,3.4536043074240297,0.97549168742716574,2.9309887850104133e-05,1.0009364501684104,2.9324098704819335e-05,0.99110107498745492,2.9324098704819335e-05,0,1,44.458272001782305,0.086340787538603081,-266.78984332805339,-44.464906483602846,-44.464897982370601,-0.0066335063288462948,44.464906483602846,0,0
0.0019979899999921242,-3.4155042953898374,-2.9990414986968972,2.7284841053187847e-05,3.4155314949657622,0.83440966847092568,2.9764635200990597e-05,0.85985379882913548,2.9771740628348198e-05,0.85001864391642812,2.9778846055705799e-05,0,1,44.458165761145054,0.085388967155637374,-266.78344688460277,-44.463840747264442,-44.463832026640532,-0.0056741517097123051,44.463840747264442,0,0
0.0019979949999921242,-3.3766968101645034,-3.0315091521515569,2.8308022592682391e-05,3.3767250613436772,0.69185993112341748,3.0340174816956278e-05,0.71730345041487453,3.0340174816956278e-05,0.70746854419212468,3.0347280244313879e-05,0,1,44.458054202763634,0.084418833218734335,-266.77695942451226,-44.46275970845204,-44.462751028068553,-0.0047048138284750962,44.46275970845204,0,0
0.0019979999999921241,-3.3371658503256185,-3.063976038220062,2.8308022592682391e-05,3.3371940730830829,0.54786472958312515,3.0816238449915545e-05,0.57330760938612002,3.0816238449915545e-05,0.56347293053704561,3.0816238449915545e-05,0,1,44.457937272033192,0.083430557762198987,-266.77038001390542,-44.461663469381698,-44.461654572298499,-0.0037256494837762943,44.461663469381698,0,0
0.0019980049999921241,-3.0932824870433251,-3.0964737902650086,-1.5466411014131154,1.5466413287867908,-0.0024649082774885755,0.0024745219207034097,0.010329728183933184,-0.010319958221316483,0.0053638800068256387,-0.0053541668876277981,0,0,44.45780577213938,27.05435435109348,-267.28951540740627,-44.412279715697245,-44.412221588763344,0.045526053977226866,44.412279715697245,0,0
0.0019980099999921241,-2.7823376740343519,-3.123326536069726,-1.3911688938605948,1.391168837017176,-0.34045682184569159,0.34046391306219448,-0.33075770744517285,0.3307648057671031,-0.33456107928486745,0.33456817760679769,0,0,44.457665083424061,76.550901947318323,-200.68770145302983,-33.08556717496792,-33.085567261157493,11.372097567999322,33.08556717496792,0,0
0.001998014999992124,-2.8104680893648037,-3.1429388371861933,-1.4052340020498377,1.4052340304715472,-0.33216274886171959,0.33216984718364984,-0.32617488443520415,0.32618198986256175,-0.32856915765933081,0.32857627729754313,0,0,44.457524395099433,125.43906333930147,-121.61299342980323,-19.739799887315332,-19.739799970542464,24.717724175621356,19.739799887315332,0,0
0.001998019999992124,-3.0566363591333356,-3.154661143867088,-1.5283179664038471,1.5283181369341037,-0.097859874870209751,0.097866980297567352,-0.094247639026434626,0.094254744453792227,-0.095739643768411042,0.095746763406623359,0,0,44.457383707220195,176.72494045229047,-71.02666527221092,-11.207464199474822,-11.207464224538697,33.249919409885493,11.207464199474822,0,0
0.001998024999992124,-3.0670487376482924,-3.1619331366528058,-1.5335243688241462,1.5335243688241462,-0.094784262216762727,0.094791346327838255,-0.092223480407938041,0.092230571624440927,-0.093319748373232869,0.093326839589735755,0,0,44.457243019786048,230.253655193486,-48.478368604506294,-7.3850189561935053,-7.3850189797234975,37.072223968808274,7.3850189561935053,0,0
0.001998029999992124,-2.8364991635498882,-3.1647781222055027,-1.4182493259795592,1.4182495533532347,-0.32831707130753784,0.32832416962946809,-0.32813951378329875,0.32814661921065635,-0.32831994190019032,0.32832704732754792,0,0,44.457102332796943,281.85809398633842,1.7250470273738661,1.0099898581942091,1.009989775477421,45.467091862674081,-1.0099898581942091,0,0
0.0019980349999921239,-2.81996835838072,-3.1597127829741112,-1.40998417919036,1.4099841223469411,-0.33999811677176695,0.34000521509369719,-0.34363821299621122,0.34364531842356882,-0.34233853796195035,0.34234565049473531,0,0,44.456961646253205,331.30273945358141,81.51677384500536,14.270352611902517,14.270352527141348,58.727313918157606,-14.270352611902517,0,0
0.0019980399999921239,-3.0437537930083636,-3.1465426104659855,-1.5218767543956346,1.5218768112390535,-0.1031826784014811,0.10318976961798398,-0.10940611616661045,0.10941321448854069,-0.1070932356128651,0.10710033393479534,0,0,44.4568209601549,382.55905092781313,134.91663164077266,23.063762757292107,23.063762731333195,67.520583614264325,-23.063762757292107,0,0
0.0019980449999921239,-3.0526332466251915,-3.1287674318036807,-1.526316509625758,1.5263166233125958,-0.076581301300393534,0.076588406727751135,-0.083917960580492945,0.083925058902423189,-0.081154119868642738,0.081161232401427696,0,0,44.456680274501664,435.8491462995118,157.19353047943457,26.63064926316677,26.630649244644317,71.087329461087137,-26.63064926316677,0,0
0.0019980499999921238,-2.7991549700345786,-3.1067828416553311,-1.3995772860653233,1.3995774565955799,-0.30819359153611003,0.30820068275261292,-0.31783063292323277,0.31783773835059037,-0.31415134316148396,0.31415845569426892,0,0,44.456539589293456,487.00113998404856,204.09245846245324,34.265212955122273,34.265212877890718,78.72175223622213,-34.265212955122273,0,0
0.0019980549999921238,-2.8535393994388869,-3.0768245551371365,-1.4267695860326057,1.4267696997194435,-6.0040861171728466e-06,0.44807088528386885,-0.0058494720178714488,0.46858304614261215,-0.00066520300379124819,0.46358010763469792,0,0,44.45639393258584,537.1126151722093,276.33869003115564,46.056541067166251,46.056399309429594,90.512934999746079,-46.056541067166251,0,0
0.0019980599999921238,-2.9155116862966679,-3.043193714802328,-2.9155117999835056,-5.6843418860808015e-08,6.6435745793569367e-06,0.25687725013767704,6.7217342802905478e-06,0.28323280787390104,6.6577854340721387e-06,0.2730455861410519,0,0,44.456265202204911,535.75003498614137,276.33740106040494,46.056256634945932,46.056268284732319,90.512521837157493,-46.056256634945932,0,0
0.0019980649999921237,-2.9181006766521023,-3.0101448089681071,-3.0139948421492591,-0.095894392870832235,0.080727645013212168,0.26627039062532276,0.080718947970126464,0.29170298176950382,0.080722294626411895,0.28187248091171568,1,0,44.456133682493089,534.07775034597114,266.75163021343604,44.458516149075081,44.458493503639716,88.914649912295815,-44.458516149075081,0,0
0.0019980699999921237,-2.8612190021704009,-2.9776813335047336,-2.8612604978661693,-4.1495695768389851e-05,-2.7569058147491887e-06,0.2343762659506865,-2.7426949600339867e-06,0.25981704965261088,-2.7569058147491887e-06,0.24998338687964861,1,0,44.456001842171482,534.07153541294372,266.74618697839679,44.457598764875584,44.457595778073589,88.913600607044316,-44.457598764875584,0,0
0.0019980749999921237,-2.8038405162078561,-2.9452177727762319,-2.8038809318786662,-4.0472514228895307e-05,-1.1652900866465643e-06,0.28420762276937239,-1.1652900866465643e-06,0.30964849884185242,-1.1723955140041653e-06,0.29981480054175336,1,0,44.455871395302211,534.07010083972364,266.74743924289118,44.457807328469812,44.45780423214719,88.913678723770857,-44.457807328469812,0,0
0.0019980799999921237,-2.7458092404231138,-2.9127540130957641,-2.7458517593004217,-4.2405190470162779e-05,-3.3892888495756779e-06,0.33534050913885949,-3.3821834222180769e-06,0.36078153442531402,-3.3892888495756779e-06,0.35094778638722346,1,0,44.455742841913064,534.06865009955254,266.74875577673436,44.458026577863308,44.458023432644666,88.91376941977299,-44.458026577863308,0,0
0.0019980849999921236,-2.6871406362261041,-2.8802901113067492,-2.6871820182350348,-4.1382008930668235e-05,-1.8047785488306545e-06,0.38775146293801299,-1.8047785488306545e-06,0.41319261612215996,-1.8118839761882555e-06,0.40335882545150525,1,0,44.455616230365607,534.06718327172803,266.75013625423992,44.458256518781639,44.458253265982655,88.91387274914544,-44.458256518781639,0,0
0.0019980899999921236,-2.6278504492438515,-2.8478260105657682,-2.6278937070856045,-4.3371528590796515e-05,-4.007461029686965e-06,0.44140152510863118,-4.000355602329364e-06,0.46684282750675266,-4.007461029686965e-06,0.4570089942035338,1,0,44.455491607850746,534.06570105560854,266.75157901496095,44.458496812652243,44.458493516637574,88.913988420498981,-44.458496812652243,0,0
0.0019980949999921236,-2.5679544251033803,-2.8153617677162401,-2.5679967166070128,-4.2234660213580355e-05,-2.4229507289419416e-06,0.49626662956825385,-2.4229507289419416e-06,0.52170805275864041,-2.4229507289419416e-06,0.51187413419029326,1,0,44.455369020377105,534.06420354076158,266.75308371662879,44.458747466293346,44.45874406471269,88.914116486668036,-44.458747466293346,0,0
0.0019980999999921235,-2.5074685368053906,-2.782897325914746,-2.5075126472984266,-4.4224179873708636e-05,-4.6114223550830502e-06,0.55230731987876425,-4.6043169277254492e-06,0.57774889228312531,-4.6114223550830502e-06,0.56791493108221403,1,0,44.455248512762807,534.06269142959013,266.75464864389511,44.459008128109147,44.459004689048726,88.914256640867336,-44.459008128109147,0,0
0.0019981049999921235,-2.4464088710374199,-2.7504326851612859,-2.4464519015054975,-4.3087311496492475e-05,-3.0340174816956278e-06,0.609498989945223,-3.0340174816956278e-06,0.63494073287984065,-3.0411229090532288e-06,0.6251067148355105,1,0,44.455130128625143,534.06116482146922,266.75627344053134,44.459278806129944,44.459275263588729,88.914408934752061,-44.459278806129944,0,0
0.0019981099999921235,-2.3847915144870058,-2.7179678454558598,-2.3848365344747435,-4.5019987737759948e-05,-5.2011728257639334e-06,0.66780176410929926,-5.2011728257639334e-06,0.6932436420470367,-5.2224891078367364e-06,0.68340955294843297,1,0,44.455013910371555,534.05962442146222,266.75795633414509,44.459559136033846,44.45955556179868,88.914573046400193,-44.459559136033846,0,0
0.0019981149999921234,-2.322632894902199,-2.6855027783767582,-2.3226767211781407,-4.3826275941682979e-05,-3.637978807091713e-06,0.72719050336900182,-3.645084234449314e-06,0.75263256604785056,-3.645084234449314e-06,0.74279842010582797,1,0,44.454899899190323,534.05807033828353,266.75969695673814,44.459849127197522,44.459845451633846,88.914749026384214,-44.459849127197522,0,0
0.0019981199999921234,-2.2599493263442127,-2.6530375123456906,-2.259994971609558,-4.5702108764089644e-05,-5.7909232964448165e-06,0.78762492705664044,-5.7838178690872155e-06,0.81306716737117313,-5.7909232964448165e-06,0.80323293616402225,1,0,44.454788135043152,534.05650327926674,266.76149348202307,44.460148402778948,44.460144701353371,88.914936537816317,-44.460148402778948,0,0
0.0019981249999921234,-2.1967574070913543,-2.620572047362657,-2.1968018018014845,-4.4622083805734292e-05,-4.2277292777725961e-06,0.84907939879030891,-4.2277292777725961e-06,0.87452180252967082,-4.2419401324877981e-06,0.86468748605739165,1,0,44.454678656655197,534.05492336199586,266.76334552867547,44.460456973698683,44.460453173159628,88.915135630349653,-44.460456973698683,0,0
0.0019981299999921234,-2.133073678578512,-2.5881063265842386,-2.1331200628083025,-4.638422979041934e-05,-6.3593574850528967e-06,0.91151328263094911,-6.3593574850528967e-06,0.93695586400599495,-6.3735683397680987e-06,0.92712150490115164,1,0,44.454571501509733,534.05333129567907,266.76525122072547,44.460774450814917,44.460770630287819,88.91534595231829,-44.460774450814917,0,0
0.0019981349999921233,-2.0689149096142501,-2.5556403784321446,-2.0689601001322444,-4.5361048250924796e-05,-4.7890580390230753e-06,0.97490050166015862,-4.7819526116654743e-06,1.0003432819871705,-4.7890580390230753e-06,0.99050885893348095,1,0,44.454466705838414,534.05172720629548,266.76721016388115,44.461100846750213,44.461096929383487,88.915567552583838,-44.461100846750213,0,0
0.0019981399999921233,-2.0042979258505511,-2.5231741744846659,-2.0043448216711113,-4.7066350816749036e-05,-6.9064753915881738e-06,1.0392000433512294,-6.8993699642305728e-06,1.0646430084193526,-6.9135808189457748e-06,1.0548084929951074,1,0,44.454364304615112,534.05011180452755,266.76922043070391,44.461435760363507,44.461431828919189,88.915800064971705,-44.461435760363507,0,0
0.0019981449999921233,-1.939239552939398,-2.4907077147418022,-1.9392854255784187,-4.5929482439532876e-05,-5.3432813729159534e-06,1.1043854541981091,-5.3290705182007514e-06,1.129828632429053,-5.3432813729159534e-06,1.1199940530559616,1,0,44.454264331548501,534.04848522427199,266.77128161846713,44.461779206095613,44.461775180141061,88.916043537638771,-44.461779206095613,0,0
0.0019981499999921232,-1.8737567870630301,-2.4582410276252631,-1.8738044786914543,-4.7691628424217924e-05,-7.4464878707658499e-06,1.1704153877190038,-7.4393824434082489e-06,1.1958587649019137,-7.4535932981234509e-06,1.1860241144745487,1,0,44.454166819076534,534.04684817728275,266.77339174972462,44.462130771071394,44.462126736981688,88.916297590140488,-44.462130771071394,0,0
0.0019981549999921232,-1.8078667949339433,-2.4257740562916297,-1.8079133496939903,-4.6497916628140956e-05,-5.8832938520936295e-06,1.2372630351364933,-5.8832938520936295e-06,1.2627066254822239,-5.8903992794512305e-06,1.2528718897897306,1,0,44.454071798358186,534.04520080489237,266.77555041129079,44.462490471761015,44.462486345541144,88.916562270113317,-44.462490471761015,0,0
0.0019981599999921232,-1.7415867432646337,-2.3933068575843208,-1.7416349464838277,-4.8260062612826005e-05,-7.9580786405131221e-06,1.3048867870679715,-7.9580786405131221e-06,1.3303305763656681,-7.9580786405131221e-06,1.3204957554080465,1,0,44.453979299269655,534.0435438195193,266.77775557937503,44.462857883784267,44.462853755399621,88.916837183045971,-44.462857883784267,0,0
0.0019981649999921232,-1.6749336850807595,-2.3608393462382082,-1.6749807514315762,-4.7066350816749036e-05,-6.3948846218409017e-06,1.3732594936755049,-6.3948846218409017e-06,1.3987034890305949,-6.4019900491985027e-06,1.3888685970186998,1,0,44.453889350397702,534.04187736944914,266.7800068336665,44.463233025776269,44.463228807688843,88.917122376167583,-44.463233025776269,0,0
0.0019981699999921231,-1.6079249576250731,-2.3283716075184202,-1.607973615591618,-4.8714809963712469e-05,-8.4483531281875912e-06,1.4423392897811027,-8.4483531281875912e-06,1.4677835196152955,-8.4554585555451922e-06,1.4579485494436994,1,0,44.453801979035852,534.04020216735535,266.7823021035569,44.463615462158145,44.463611247899024,88.917417441185549,-44.463615462158145,0,0
0.0019981749999921231,-1.5405779549837462,-2.2959035561598284,-1.5406253623950761,-4.7577941586496308e-05,-6.8993699642305728e-06,1.5120987129080277,-6.8922645368729718e-06,1.5375431630104686,-6.8922645368729718e-06,1.5277080933628895,1,0,44.453717211176894,534.03851836799106,266.78464095987925,44.464005213941959,44.464000912449919,88.917722425111947,-44.464005213941959,0,0
0.0019981799999921231,-1.4729101280863688,-2.2634351921624329,-1.4729592408002645,-4.9169557314598933e-05,-8.9386276158620603e-06,1.5824957344534596,-8.9315221885044593e-06,1.6079403977187212,-8.9457330432196613e-06,1.5981052357005865,1,0,44.453635071510917,534.03682668387228,266.78702128944622,44.464401834589232,44.464397542937178,88.918036906091203,-44.464401834589232,0,0
0.001998184999992123,-1.4049388710191124,-2.230966600791362,-1.4049866763343744,-4.8032688937382773e-05,-7.3754335971898399e-06,1.6535026290398491,-7.3683281698322389e-06,1.6789475196787862,-7.3896444519050419e-06,1.6691122723955232,1,0,44.453555583419444,534.03512727573298,266.78944265722373,44.46480534763451,44.464800971258292,88.918360931046578,-44.46480534763451,0,0
0.001998189999992123,-1.3366816347115673,-2.1984976683597779,-1.3367311453293951,-4.9567461246624589e-05,-9.3862695393909235e-06,1.7250771762178374,-9.3862695393909235e-06,1.7505223084413046,-9.4004803941061255e-06,1.7406869758929133,1,0,44.453478768973198,534.03342085551685,266.79190290692964,44.465215295892108,44.465210935380952,88.918694064855913,-44.465215295892108,0,0
0.001998194999992123,-1.2681560974669992,-2.16602842328939,-1.2682044712164497,-4.8430592869408429e-05,-7.830180948076304e-06,1.7971914090253449,-7.823075520718703e-06,1.8226367757279149,-7.8443918027915061e-06,1.8128013437035406,1,0,44.453404648926636,534.03170758945203,266.79440159832654,44.465631705604572,44.465627262912733,88.919036354523371,-44.465631705604572,0,0
0.0019981999999921229,-1.1993797102149983,-2.1335588940019079,-1.1994296187367581,-4.9908521759789437e-05,-9.8339114629197866e-06,1.8698030146424571,-9.8268060355621856e-06,1.8952486300349847,-9.8339114629197866e-06,1.8854131198509094,1,0,44.453333242716575,534.02998818849312,266.79693653396595,44.46605410922345,44.466049688430395,88.919387351930197,-44.46605410922345,0,0
0.0019982049999921229,-1.1303702649456682,-2.101089052075622,-1.130418922912213,-4.8771653382573277e-05,-8.2707174442475662e-06,1.9428838271551285,-8.2707174442475662e-06,1.9683296699213315,-8.2778228716051672e-06,1.9584940460504185,1,0,44.453264568457357,534.028262823874,266.79950726957935,44.466482535871542,44.466478035471923,88.919747104320635,-44.466482535871542,0,0
0.0019982099999921229,-1.0611453831188555,-2.068618869088823,-1.0611955190142908,-5.0249582272954285e-05,-1.0253131677018246e-05,2.0163914271620342,-1.0246026249660645e-05,2.0418375328290495,-1.0253131677018246e-05,2.0320018094821535,1,0,44.453198642940912,534.02653220514389,266.80211156976469,44.466916507904266,44.466912035441595,88.920115150834931,-44.466916507904266,0,0
0.0019982149999921229,-0.99172257250756957,-2.0361484018849296,-0.99177174206488417,-4.9055870476877317e-05,-8.7041485130612273e-06,2.0902974853242995,-8.6970430857036263e-06,2.1157438325758449,-8.7112539404188283e-06,2.1059080239638206,1,0,44.453135481632167,534.02479650805344,266.80474898649049,44.467356057521883,44.467351508052957,88.920491539145345,-44.467356057521883,0,0
0.0019982199999921228,-0.92211985247558914,-2.0036775936205231,-0.92217021574469982,-5.0420112529536709e-05,-1.0651035609043902e-05,2.16455955381889,-1.0643930181686301e-05,2.1900061710766749,-1.0658141036401503e-05,2.180170248777813,1,0,44.453075098669032,534.02305644032788,266.80741724648658,44.467800697311702,44.467796181816951,88.92087579597009,-44.467800697311702,0,0
0.0019982249999921228,-0.85235467395250453,-1.9712064727173129,-0.85240384350981913,-4.9283244152320549e-05,-9.0949470177292824e-06,2.2391491825146659,-9.0878415903716814e-06,2.2645960342515536,-9.0949470177292824e-06,2.254760019582136,1,0,44.453017506859325,534.02131218174804,266.8101159008533,44.468250462691742,44.468245872813895,88.921267969541972,-44.468250462691742,0,0
0.0019982299999921228,-0.78244494261525688,-1.9387350107535894,-0.78249547641462414,-5.0704329623840749e-05,-1.1027623258996755e-05,2.3140238525343193,-1.1020517831639154e-05,2.3394709742774467,-1.1041834113711957e-05,2.329634860132046,1,0,44.452962717681181,534.01956443779693,266.81284263947509,44.468704856791781,44.46870030691953,88.921667574461935,-44.468704856791781,0,0
0.0019982349999921227,-0.71240827992369304,-1.9062632077293529,-0.71245767685468309,-4.9453774408902973e-05,-9.4715346676821355e-06,2.3891550782195736,-9.4715346676821355e-06,2.4146024628635132,-9.4715346676821355e-06,2.4047662563475569,1,0,44.452910741281023,534.01781339179729,266.81559701507138,44.469163918423746,44.46915929681029,88.922074659695298,-44.469163918423746,0,0
0.0019982399999921227,-0.64226253471133532,-1.8737910920663126,-0.64231329588437802,-5.0818016461562365e-05,-1.1375789199519204e-05,2.4645003762202577,-1.1368683772161603e-05,2.4899480450812916,-1.1375789199519204e-05,2.4801117177730703,1,0,44.452861586474448,534.01605974657309,266.81837668134739,44.469627141565624,44.46962256597871,88.922488728028696,-44.469627141565624,0,0
0.0019982449999921227,-0.57202549896828714,-1.8413186353427591,-0.57207506642953376,-4.9567461246624589e-05,-9.8339114629197866e-06,2.54003114008583,-9.8268060355621856e-06,2.5654790576368214,-9.8410168902773876e-06,2.555642630852617,1,0,44.45281526074379,534.01430368850288,266.82118119186845,44.47009456863988,44.470089923967635,88.92290982937385,-44.47009456863988,0,0
0.0019982499999921226,-0.50171485099781421,-1.808845809136983,-0.50176572585769463,-5.0874859880423173e-05,-1.1695533430611249e-05,2.6157050143638116,-1.1695533430611249e-05,2.6411531948156153,-1.170263885796885e-05,2.6313166685554279,1,0,44.452771770241156,534.01254591733368,266.82400816903566,44.470565684736179,44.470561092096901,88.923337454965633,-44.470565684736179,0,0
0.0019982549999921226,-0.43134832594660111,-1.7763726702924032,-0.43139795025126659,-4.9681148084346205e-05,-1.0160761121369433e-05,2.6914933144439601,-1.0160761121369433e-05,2.7169417791128581,-1.0167866548727034e-05,2.7071051462712603,1,0,44.452731119786748,534.01078662201689,266.8268571684909,44.471040536067747,44.471035877009143,88.923771655844334,-44.471040536067747,0,0
0.0019982599999921226,-0.36094360211791354,-1.7438991335438914,-0.36099459066463169,-5.0931703299283981e-05,-1.2008172234345693e-05,2.7673538198769165,-1.1993961379630491e-05,2.7928025616574814,-1.2008172234345693e-05,2.7829658222344733,1,0,44.452693312871588,534.00902649880618,266.8297257810118,44.471518599173024,44.471513998134029,88.924211912032604,-44.471518599173024,0,0
0.0019982649999921226,-0.29051852834527381,-1.7114252841565758,-0.29056809580652043,-4.9737991503207013e-05,-1.0466294497746276e-05,2.8432578673687203,-1.0466294497746276e-05,2.8687068649446701,-1.0473399925103877e-05,2.858870026045679,1,0,44.452658351656439,534.0072657387434,266.8326135656672,44.471999924238361,44.471995259452143,88.924658275884326,-44.471999924238361,0,0
0.0019982699999921225,-0.22009066924510989,-1.6789510937087471,-0.22014143041815259,-5.0931703299283981e-05,-1.2278178473934531e-05,2.9191633359459956,-1.2278178473934531e-05,2.9446126319498944,-1.2292389328649733e-05,2.9347756864694929,1,0,44.452626236976208,534.00550503417492,266.83551808506371,44.472483979548315,44.472479378744133,88.925110216512252,-44.472483979548315,0,0
0.0019982749999921225,-0.14967770312068751,-1.6464765337786957,-0.149727327425353,-4.9737991503207013e-05,-1.0743406164692715e-05,2.9950416404744828,-1.0743406164692715e-05,3.0204912278009033,-1.0743406164692715e-05,3.0106541686336641,1,0,44.452596968339336,534.00374457775433,266.838438902767,44.472970819444996,44.472966157567697,88.925567787773588,-44.472970819444996,0,0
0.0019982799999921225,-0.079297365118691232,-1.6140016043664218,-0.079348239978571655,-5.0874859880423173e-05,-1.2548184713523369e-05,3.0708508020893532,-1.2548184713523369e-05,3.0963006523165859,-1.2541079286165768e-05,3.0864634723570816,1,0,44.452570543931188,534.00198505750723,266.8413735512828,44.473459904321757,44.473455312359278,88.926030448240397,-44.473459904321757,0,0
0.0019982849999921224,-0.0089670493252924643,-1.5815263338936347,-0.0090165599431202281,-4.9681148084346205e-05,-1.1027623258996755e-05,3.1465623280269028,-1.1020517831639154e-05,3.1720124695766572,-1.1027623258996755e-05,3.1621751901411699,1,0,44.452546960616203,534.00022666722214,266.84432160470931,44.473951292794652,44.473946642432423,88.926498253399828,-44.473951292794652,0,0
0.0019982899999921224,0.061295565956243081,-1.5490507223603345,0.061244804783200379,-5.0761173042701557e-05,-1.2775558388966601e-05,3.2221345094285425,-1.2768452961609e-05,3.2475849209845364,-1.2775558388966601e-05,3.2377475420730661,1,0,44.452526213942264,533.99847009019595,266.84728056727295,44.474444437678173,44.474439863129405,88.926970651607661,-44.474444437678173,0,0
0.0019982949999921224,0.13147297295290628,-1.5165746845013928,0.13142340549165965,-4.9567461246624589e-05,-1.1254996934439987e-05,3.2975388819522777,-1.1247891507082386e-05,3.322989577725366,-1.1254996934439987e-05,3.3131520780216306,1,0,44.452508298140927,533.99671552087932,266.85025001980057,44.474939402129543,44.474934771847877,88.927447700259222,-44.474939402129543,0,0
0.0019982999999921223,0.20154766389168799,-1.4840983340036473,0.20149695956206415,-5.0590642786119133e-05,-1.298161578233703e-05,3.3727340138511863,-1.2974510354979429e-05,3.3981849796305141,-1.2995826637052232e-05,3.3883473804507958,1,0,44.452493206134264,533.99496363743208,266.85322744388276,44.475435631644771,44.475431083037606,88.927928837766046,-44.475435631644771,0,0
0.0019983049999921223,0.27150247206009226,-1.4516216424453887,0.27145330250277766,-4.9340087571181357e-05,-1.1453948900452815e-05,3.4476915971026756,-1.1453948900452815e-05,3.4731428613099524,-1.1461054327810416e-05,3.463305141337969,1,0,44.452480929536058,533.99321463449814,266.85621242880603,44.47593319408896,44.475928592405793,88.928414123613564,-44.47593319408896,0,0
0.0019983099999921223,0.3413198328416911,-1.4191445245614887,0.34126946957258042,-5.0476955948397517e-05,-1.3166356893634656e-05,3.5223704770714903,-1.3159251466277055e-05,3.5478220254958615,-1.3173462320992257e-05,3.5379842131533223,1,0,44.452471458658593,533.99146918469887,266.85920243394077,44.47643152798689,44.476427013796524,88.928902986632309,-44.47643152798689,0,0
0.0019983149999921223,0.41098252268056967,-1.3866670940387849,0.4109334668100928,-4.9112713895738125e-05,-1.1645795439108042e-05,3.5967425304761491,-1.1638690011750441e-05,3.6221943702230419,-1.1638690011750441e-05,3.6123564512990924,1,0,44.452464782514255,533.98972748240635,266.8621970575,44.47693070611669,44.476926141492854,88.929395488619292,-44.47693070611669,0,0
0.0019983199999921222,0.48047331802081317,-1.3541892940338585,0.4804232389687968,-5.0249582272954285e-05,-1.3315570868144277e-05,3.6707669153202005,-1.3308465440786676e-05,3.696219046389615,-1.3322676295501878e-05,3.686380999567973,1,0,44.452460888822699,533.9879901943018,266.86519373804936,44.47743016034795,44.477425688988191,88.929891049157334,-44.47743016034795,0,0
0.0019983249999921222,0.54977516583676334,-1.321711096125,0.54972645102679962,-4.8885340220294893e-05,-1.1787903986260062e-05,3.7444157428012659,-1.1787903986260062e-05,3.7698681509823473,-1.1802114840975264e-05,3.7600300046847224,1,0,44.452459764014336,533.9862575140271,266.86819208692447,44.477929968509173,44.477925449341029,88.930389732511713,-44.477929968509173,0,0
0.0019983299999921222,0.61887089941592421,-1.2892325571556285,0.61882104773758329,-4.9908521759789437e-05,-1.3443468560581096e-05,3.8176484906671249,-1.3443468560581096e-05,3.8431011759598732,-1.3450573987938697e-05,3.8332629088699832,1,0,44.452461393238018,533.98453010192907,266.87118952273755,44.478429556153529,44.478425135968955,88.930890949378096,-44.478429556153529,0,0
0.0019983349999921221,0.68774357941947528,-1.2567536487040343,0.68769503513976815,-4.8544279707130045e-05,-1.1922907106054481e-05,3.8904375401216384,-1.1922907106054481e-05,3.9158905238423358,-1.1937117960769683e-05,3.9060521643818902,1,0,44.452465760364475,533.98280815046428,266.874185670239,44.47892900635712,44.478924540967533,88.931394766709673,-44.47892900635712,0,0
0.0019983399999921221,0.75637626650859602,-1.2242743707702175,0.75632664220393053,-4.9510617827763781e-05,-1.3535839116229909e-05,3.9627427668165183,-1.3535839116229909e-05,3.9881960205434552,-1.3550049970945111e-05,3.9783575402907445,1,0,44.452472847994187,533.98109231325373,266.87717792868182,44.479427738699755,44.479423377956849,88.931900586680399,-44.479427738699755,0,0
0.0019983449999921221,0.82475219187472248,-1.1917947517758876,0.82470398865552852,-4.8260062612826005e-05,-1.2036593943776097e-05,4.0345367864347281,-1.2036593943776097e-05,4.0599903528004688,-1.2036593943776097e-05,4.0501517588609204,1,0,44.452482637461969,533.97938278111997,266.88016593886266,44.479925841668347,44.479921438298689,88.93240847911828,-44.479925841668347,0,0
0.0019983499999921221,0.89285452986587188,-1.1593147348776256,0.89280541715197614,-4.9169557314598933e-05,-1.361399881716352e-05,4.10577995779704,-1.361399881716352e-05,4.1312337941690203,-1.3621104244521121e-05,4.1213950865426341,1,0,44.452495108846392,533.97768020057333,266.88314708409888,44.480422729164175,44.480418436043855,88.932917837996953,-44.480422729164175,0,0
0.001998354999992122,0.96066673904715572,-1.1268343769188505,0.9606190474187315,-4.7748471843078732e-05,-1.2107648217352107e-05,4.1764451808035119,-1.2100542789994506e-05,4.2018993013925865,-1.2107648217352107e-05,4.19206048718479,1,0,44.452510240973524,533.9759847603591,266.88612101938401,44.480918495301765,44.480914162103559,88.933428736263181,-44.480918495301765,0,0
0.001998359999992122,1.0281722211402666,-1.0943536494778527,1.0281236200171406,-4.8714809963712469e-05,-1.3663736808666727e-05,4.246493254811412,-1.3656631381309126e-05,4.2719476738284357,-1.3670842236024328e-05,4.2621087459338014,1,0,44.452528011427951,533.97429709949722,266.88908511633372,44.481412548602613,44.481408331192235,88.933940560016907,-44.481412548602613,0,0
0.001998364999992122,1.0953546620839916,-1.0618725525546324,1.0953073683594994,-4.7350567911053076e-05,-1.2157386208855314e-05,4.3158974492030211,-1.2157386208855314e-05,4.3413521240154296,-1.2171597063570516e-05,4.3315130966448123,1,0,44.452548396556686,533.97261740421914,266.89203904405747,44.481904989002139,44.481900734029161,88.934453385546675,-44.481904989002139,0,0
0.0019983699999921219,1.1621976909736986,-1.0293911145708989,1.1621495445979235,-4.8203219193965197e-05,-1.3677947663381929e-05,4.3846190322938128,-1.3677947663381929e-05,4.4100740055341703,-1.3677947663381929e-05,4.4002348573712879,1,0,44.452571371480303,533.97094630567926,266.89498016325115,44.482395219984646,44.482391086269345,88.934966591451271,-44.482395219984646,0,0
0.0019983749999921219,1.2286850505915936,-0.99690933552665228,1.2286382684578712,-4.6838977141305804e-05,-1.2178702490928117e-05,4.4526316571591451,-1.2178702490928117e-05,4.4780869146165969,-1.2192913345643319e-05,4.4682476669777316,1,0,44.452596910099075,533.96928398716659,266.89790816207835,44.482883347426451,44.482879178627613,88.935480257513348,-44.482883347426451,0,0
0.0019983799999921219,1.2948006542501389,-0.96442718700018304,1.2947530194651335,-4.7691628424217924e-05,-1.3670842236024328e-05,4.519897132126971,-1.3670842236024328e-05,4.5453526666960897,-1.368505309073953e-05,4.535513312475814,1,0,44.452624985103277,533.9676310716028,266.90082038869548,44.483368770135783,44.483364727990988,88.935993755225383,-44.483368770135783,0,0
0.0019983849999921218,1.3605285857920535,-0.9319446689914912,1.3604822584056819,-4.6270542952697724e-05,-1.2178702490928117e-05,4.5863894868602983,-1.2171597063570516e-05,4.6118453056465114,-1.2185807918285718e-05,4.602005837739398,1,0,44.452655567979704,533.9659877389106,266.9037165514269,44.483851600114718,44.483847525325544,88.936507168082244,-44.483851600114718,0,0
0.0019983899999921218,1.4258529859034752,-0.89946180992228619,1.4258059763960773,-4.7066350816749036e-05,-1.3642420526593924e-05,4.6520710981212687,-1.3635315099236323e-05,4.677527179808294,-1.3642420526593924e-05,4.6676876195306249,1,0,44.452688629023633,533.96435460341809,266.90659398963948,44.484331231795984,44.484327288979934,88.937019860805975,-44.484331231795984,0,0
0.0019983949999921218,1.4907580521139607,-0.86697860979256802,1.4907124636920344,-4.5758952182950452e-05,-1.2157386208855314e-05,4.7169164290039589,-1.2150280781497713e-05,4.7423727878026511,-1.2157386208855314e-05,4.7325331209435717,1,0,44.452724137345442,533.96273184126744,266.90945243207636,44.484807783482921,44.484803810418128,88.937531920816213,-44.484807783482921,0,0
0.0019983999999921218,1.5552283798569988,-0.83449506860233669,1.5551818250969518,-4.6441073209280148e-05,-1.3571366253017914e-05,4.7808884531264084,-1.3578471680375515e-05,4.8063450535096308,-1.3585577107733116e-05,4.7965052871745684,1,0,44.452762060882932,533.96112005783857,266.91228921072616,44.485280645561275,44.485276809707486,88.938042706430636,-44.485280645561275,0,0
0.0019984049999921217,1.6192483371924027,-0.80201115792988276,1.6192033740480838,-4.5076831156620756e-05,-1.2100542789994506e-05,4.8439620741191902,-1.2093437362636905e-05,4.8694189729303616,-1.2093437362636905e-05,4.8595790929084615,1,0,44.452802366408974,533.95951942508566,266.91510407707131,44.485749942785425,44.485746079031735,88.938552309182299,-44.485749942785425,0,0
0.0019984099999921217,1.6828026332404988,-0.76952690619691566,1.6827569879751536,-4.5758952182950452e-05,-1.3486101124726702e-05,4.906100905088806,-1.3486101124726702e-05,4.931558052589935,-1.3500311979441904e-05,4.9217180588811971,1,0,44.452845019544412,533.95793053909506,266.9178943570945,44.486215061821973,44.486211340432114,88.939060081352892,-44.486215061821973,0,0
0.0019984149999921217,1.745876261338708,-0.7370423134034354,1.7458318666285777,-4.439471013029106e-05,-1.2001066806988092e-05,4.9672803470457438,-1.2001066806988092e-05,4.9927377432368303,-1.2008172234345693e-05,4.9828976500521094,1,0,44.452889984765207,533.95635356723392,266.92065982414101,44.486676134078067,44.486672387086124,88.939566118831266,-44.486676134078067,0,0
0.0019984199999921216,1.8084539306073566,-0.70455740797115141,1.8084090243064566,-4.5019987737759948e-05,-1.3372414287005085e-05,5.0274646099524034,-1.3365308859647484e-05,5.0529222903605842,-1.3372414287005085e-05,5.0430821048053076,1,0,44.45293722541728,533.95478909595545,266.92339780305406,44.487132542767796,44.487128943204389,88.940069768171696,-44.487132542767796,0,0
0.0019984249999921216,1.8705209754443786,-0.67207216147835425,1.8704773765421123,-4.3655745685100555e-05,-1.1887379969266476e-05,5.0866296703588887,-1.1873169114551274e-05,5.112087620773309,-1.1894485396624077e-05,5.1022473357420495,1,0,44.452986703724093,533.95323728765015,266.9261080895684,44.487584426117351,44.48758080319579,88.94057112982955,-44.487584426117351,0,0
0.0019984299999921216,1.9320625597174512,-0.63958660234675335,1.9320183355375775,-4.4281023292569444e-05,-1.3216094885137863e-05,5.1447404203486258,-1.3208989457780262e-05,5.1701985910312942,-1.3223200312495464e-05,5.1603581994186243,1,0,44.453038380799804,533.95169871880717,266.9287880045452,44.488031164283406,44.488027693761723,88.941069545069993,-44.488031164283406,0,0
0.0019984349999921215,1.9930641883547651,-0.60710070215463929,1.9930212715735252,-4.2859937821049243e-05,-1.1731060567399254e-05,5.201773340957061,-1.1731060567399254e-05,5.2272317887513964,-1.1738165994756855e-05,5.2173913047681708,1,0,44.453092216659883,533.95017354645893,266.93143737305917,44.488472902386121,44.488469410694265,88.941565119034266,-44.488472902386121,0,0
0.0019984399999921215,2.0535114231279294,-0.5746144893237215,2.0534678810690821,-4.3485215428518131e-05,-1.3031353773840237e-05,5.257694049021211,-1.3031353773840237e-05,5.2831527455055038,-1.3031353773840237e-05,5.2733121549408679,1,0,44.453148170235245,533.94866233680909,266.93405351394773,44.488909017827915,44.488905683410813,88.942057188050129,-44.488909017827915,0,0
0.0019984449999921215,2.1133899963388103,-0.54212796385399997,2.113348045895691,-4.2120973375858739e-05,-1.1574741165532032e-05,5.3124796082215653,-1.156053031081683e-05,5.3379385533958157,-1.1567635738174431e-05,5.3280978917769062,1,0,44.453206199381107,533.94716524115961,266.93663627813231,44.489339662845985,44.489336309386239,88.942545862215525,-44.489339662845985,0,0
0.0019984499999921215,2.1726858108195302,-0.50964112574547471,2.1726431214119657,-4.2689407564466819e-05,-1.2832401807827409e-05,5.3660963672541584,-1.2825296380469808e-05,5.391555554012939,-1.2832401807827409e-05,5.3817147858126191,1,0,44.453266260892534,533.94568281511556,266.93918298614864,44.489764212379185,44.489761020969482,88.943030473258887,-44.489764212379185,0,0
0.0019984549999921214,2.231384996775887,-0.47715397499814571,2.2313437852972129,-4.1268322092946619e-05,-1.1375789199519204e-05,5.418521986655378,-1.1368683772161603e-05,5.4439814221041161,-1.1382894626876805e-05,5.4341405615332405,1,0,44.453328310514017,533.94421520388619,266.94169351639016,44.490182825926404,44.490179617538452,88.943511136429038,-44.490182825926404,0,0
0.0019984599999921214,2.2894739117873542,-0.44466651161201298,2.2894321887179103,-4.1836756281554699e-05,-1.2597922705026576e-05,5.4697235896128404,-1.2590817277668975e-05,5.4951832453298266,-1.2605028132384177e-05,5.4853422852829681,1,0,44.453392302955521,533.9427629521731,266.94416519266144,44.490594876274642,44.490591834608779,88.943987179217572,-44.490594876274642,0,0
0.0019984649999921214,2.3469388565899862,-0.41217873558707652,2.3468985546060139,-4.0415670810034499e-05,-1.1141310096718371e-05,5.5196794406242589,-1.1141310096718371e-05,5.5451393095040657,-1.1162626378791174e-05,5.5352982641920789,1,0,44.453458191902399,533.94132619874074,266.94659792154192,44.49100053032862,44.490997473682654,88.944458722219878,-44.49100053032862,0,0
0.0019984699999921213,2.403766472980351,-0.37969070376675518,2.4037256594056089,-4.0870418160920963e-05,-1.2335021892795339e-05,5.568357465790541,-1.2327916465437738e-05,5.5938175904657328,-1.234212732015294e-05,5.5839764598886177,1,0,44.453525930032619,533.93990547709291,266.94898903340527,44.491399159013675,44.491396273655795,88.944925089033958,-44.491399159013675,0,0
0.0019984749999921213,2.4599436869721103,-0.3472023593076301,2.4599042376394209,-3.9392489270539954e-05,-1.0892620139202336e-05,5.6157365690978622,-1.0892620139202336e-05,5.6411969140413021,-1.0892620139202336e-05,5.6313556981990587,1,0,44.453595469026524,533.93850091920717,266.95133846246853,44.491790936808343,44.491788038399129,88.945386405823967,-44.491790936808343,0,0
0.0019984799999921213,2.5154573108920886,-0.31471373063141073,2.5154173499686294,-3.9904080040287226e-05,-1.2050804798491299e-05,5.6617855079821311,-1.2050804798491299e-05,5.6872460802992464,-1.20579102258489e-05,5.67740476498102,1,0,44.453666759583314,533.93711304710405,266.9536435448191,44.492175233122367,44.492172510457017,88.94584199269363,-44.492175233122367,0,0
0.0019984849999921213,2.5702946686578798,-0.28222484615980648,2.5702562993501488,-3.8426151149906218e-05,-1.0615508472255897e-05,5.7064838472342672,-1.0615508472255897e-05,5.7319446256087758,-1.0615508472255897e-05,5.7221032534471306,1,0,44.453739751433034,533.93574198564181,266.95590424755784,44.492552230083646,44.492549496224626,88.946291981506064,-44.492552230083646,0,0
0.0019984899999921212,2.6244430841870781,-0.24973567747110792,2.624404316975415,-3.8880898500792682e-05,-1.1738165994756855e-05,5.7498011898360346,-1.1738165994756855e-05,5.775262181373364,-1.1738165994756855e-05,5.7654207239465904,1,0,44.453814393353632,533.93438824508394,266.95811791377503,44.492921295890717,44.49291874211815,88.946735689232611,-44.492921295890717,0,0
0.0019984949999921212,2.6778900519275339,-0.21724625298702449,2.6778526489579235,-3.7459813029272482e-05,-1.0295764241163852e-05,5.7917178040156614,-1.0295764241163852e-05,5.8171789731886747,-1.0295764241163852e-05,5.8073374304967729,1,0,44.453890633181786,533.93305194284858,266.96028454118141,44.493282620499357,44.493280057316099,88.947173253670854,-44.493282620499357,0,0
0.0019984999999921212,2.7306234642310301,-0.18475654428584676,2.7305856633574876,-3.7857716961298138e-05,-1.1397105481592007e-05,5.8322041240899125,-1.1397105481592007e-05,5.8576655135311739,-1.1404210908949608e-05,5.8478238855741438,1,0,44.453968417831632,533.93173357717615,266.96240148434822,44.493635571162876,44.493633192293025,88.947603988983104,-44.493635571162876,0,0
0.0019985049999921211,2.7826312134493492,-0.15226657978928415,2.782594947348116,-3.6436631489777938e-05,-9.9618091553566046e-06,5.8712411643568885,-9.9618091553566046e-06,5.8967027598555433,-9.9689145827142056e-06,5.8868610608442395,1,0,44.454047693306528,533.93043325773533,266.9644687734999,44.493980345777402,44.493977959202923,88.948028039073961,-44.493980345777402,0,0
0.0019985099999921211,2.8339014761513681,-0.1197763879190461,2.8338646984593652,-3.6834535421803594e-05,-1.1013412404281553e-05,5.9088002615226287,-1.1013412404281553e-05,5.9342620417623948,-1.1020517831639154e-05,5.9244202716968175,1,0,44.454128404716535,533.92915147049075,266.96648377258271,44.494316311000297,44.494314112846702,88.948444715705818,-44.494316311000297,0,0
0.0019985149999921211,2.8844226562796393,-0.087285968675132608,2.8843872428296891,-3.5356606531422585e-05,-9.5994323601189535e-06,5.9448631120062601,-9.5994323601189535e-06,5.9703250911979922,-9.6065377874765545e-06,5.9604832429727139,1,0,44.454210496291132,533.92788831706127,266.96844654671628,44.494643672777713,44.49464146854632,88.948854169059246,-44.494643672777713,0,0
0.001998519999992121,2.9341833283069718,-0.054795293635834241,2.9341475169530895,-3.5697667044587433e-05,-1.0615508472255897e-05,5.9794020188519426,-1.0608403044898296e-05,6.0048641685739312,-1.0629719326971099e-05,5.9950222635052342,1,0,44.454293911398132,533.92664427089221,266.97035447268445,44.494961797424253,44.494959785599775,88.949255708811762,-44.494961797424253,0,0
0.001998524999992121,2.9831721803930122,-0.022304362801151001,2.9831379038114392,-3.4276581573067233e-05,-9.2086338554508984e-06,6.0123994032323935,-9.2015284280932974e-06,6.0378617305900661,-9.2228447101661004e-06,6.0280197331508134,1,0,44.454378592555443,533.92541942526691,266.97220764862993,44.495270899096667,44.495268882738905,88.949649491642901,-44.495270899096667,0,0
0.001998529999992121,3.0313782986013393,0.010186766985498252,3.0313438514895097,-3.4617642086232081e-05,-1.0196288258157438e-05,6.0438284990027569,-1.0196288258157438e-05,6.0692909968906861,-1.0203393685515039e-05,6.0594489355025871,1,0,44.454464481450977,533.92421424087843,266.97400346736129,44.495570344045895,44.495568523956798,88.950034825486682,-44.495570344045895,0,0
0.001998534999992121,3.0787909963692073,0.042678095724113518,3.0787579134994303,-3.3082869776990265e-05,-8.7894136413524393e-06,6.0736725586707507,-8.7894136413524393e-06,6.0991352199835092,-8.7894136413524393e-06,6.0892931159628461,1,0,44.454551518955881,533.92302880239924,266.97574206293734,44.495860354713074,44.495858531551534,88.950411873660158,-44.495860354713074,0,0
0.0019985399999921209,3.1253995871338702,0.075169651836404228,3.1253661632035801,-3.3480773709015921e-05,-9.7415409072709735e-06,6.1019057042699387,-9.7415409072709735e-06,6.1273685503238084,-9.7486463346285746e-06,6.1175263610380171,1,0,44.454639645143075,533.92186355755007,266.97742084164906,44.496140297626937,44.496138674468106,88.950779942760278,-44.496140297626937,0,0
0.0019985449999921209,3.1711938390799332,0.10766140690066095,3.1711618930785335,-3.1946001399774104e-05,-8.3488771451811772e-06,6.1285120054321851,-8.3488771451811772e-06,6.1539749864891746,-8.3559825725387782e-06,6.1441327403599644,1,0,44.454728799300803,533.92071858212751,266.97903997481717,44.496410403616792,44.49640877876044,88.951139202909246,-44.496410403616792,0,0
0.0019985499999921209,3.2161634635485825,0.14015336091688368,3.2161313470169262,-3.2287061912938952e-05,-9.2583718469541054e-06,6.1534665647400288,-9.2512664195965044e-06,6.1789296879055655,-9.2583718469541054e-06,6.1690873920383638,1,0,44.454818919952793,533.91959431067085,266.98059688634351,44.496670039736578,44.496668618487334,88.95148895968012,-44.496670039736578,0,0
0.0019985549999921208,3.2602987403151928,0.172645485463363,3.2602679880255891,-3.0809133022557944e-05,-7.8799189395795111e-06,6.1767542334223435,-7.8799189395795111e-06,6.2022175200127094,-7.8870243669371121e-06,6.1923751601966615,1,0,44.454909944871901,533.91849080985116,266.9820917848005,44.496919445309224,44.496918023649485,88.951829390173245,-44.496919445309224,0,0
0.0019985599999921208,3.3035900059985579,0.2051377805400989,3.3035589694918599,-3.1093350116861984e-05,-8.7609919319220353e-06,6.1983511514540623,-8.7609919319220353e-06,6.2238145446258386,-8.7752027866372373e-06,6.2139721563880812,1,0,44.455001811099976,533.91740850082749,266.98352211181628,44.497157988208571,44.497156773628134,88.952159799299778,-44.497157988208571,0,0
0.0019985649999921208,3.3460276540608902,0.23763027456880081,3.3459980954830826,-2.9615421226480976e-05,-7.3754335971898399e-06,6.2182429729773503,-7.3754335971898399e-06,6.2437065082576737,-7.3825390245474409e-06,6.2338640489656427,1,0,44.455094454961724,533.91634744090572,266.98488811419236,44.497385916354709,44.497384702560559,88.952480371309065,-44.497385916354709,0,0
0.0019985699999921207,3.3876026463985909,0.27012291070604988,3.3875728604471078,-2.9842794901924208e-05,-8.2209794527443592e-06,6.2364068327269706,-8.2209794527443592e-06,6.2618705030104138,-8.2280848801019602e-06,6.252028008191246,1,0,44.45518781208574,533.91530803767989,266.98618725415326,44.497602598685077,44.497601595308581,88.952790410762589,-44.497602598685077,0,0
0.0019985749999921207,3.4283059449080611,0.3026156889518461,3.4282776368854684,-2.8364866011543199e-05,-6.8638428274425678e-06,6.2528292374963712,-6.8638428274425678e-06,6.2782930356775069,-6.8638428274425678e-06,6.2684505053312023,1,0,44.455281817418403,533.91429033886425,266.98741981701198,44.497808291812213,44.49780729032679,88.953090109223751,-44.497808291812213,0,0
0.0019985799999921207,3.4681289093896339,0.33510866614960833,3.4681003171499469,-2.8592239686986431e-05,-7.673861546209082e-06,6.2674883736235643,-7.666756118851481e-06,6.2929522499644008,-7.680966973566683e-06,6.2831096627746774,1,0,44.455376405244238,533.91329473831377,266.98858328475211,44.498002366043096,44.498001578177011,88.95337877127966,-44.498002366043096,0,0
0.0019985849999921207,3.5070628996436426,0.36760172861249885,3.5070358421762649,-2.7057467377744615e-05,-6.3096194935496897e-06,6.2803716005532806,-6.3096194935496897e-06,6.3058355905809549,-6.3238303482648917e-06,6.29599295365324,1,0,44.455471509201075,533.9123212739371,266.98967798442948,44.498185086719751,44.498184301756609,88.953656595914509,-44.498185086719751,0,0
0.0019985899999921206,3.5450997302177711,0.40009493318393652,3.545072445376718,-2.7284841053187847e-05,-7.0912165028857999e-06,6.2914580922779351,-7.0770056481705979e-06,6.3169221888870197,-7.1054273576010019e-06,6.307079516432168,1,0,44.455567062301526,533.9113703256894,266.99070142048686,44.49835582576236,44.498355257481876,88.953922888056795,-44.49835582576236,0,0
0.0019985949999921206,3.5822313861899602,0.43258825144221191,3.5822055792777974,-2.5750068743946031e-05,-5.7411853049416095e-06,6.3007361248423877,-5.7340798775840085e-06,6.3262002925057459,-5.7411853049416095e-06,6.3163575845237574,1,0,44.455662996946472,533.91044192147297,266.99165395833381,44.498514857391015,44.49851429292967,88.954177854331746,-44.498514857391015,0,0
0.0019985999999921206,3.6184501368552446,0.46508171180903446,3.6184242162562441,-2.5977442419389263e-05,-6.4872551774897147e-06,6.3081859451585842,-6.4872551774897147e-06,6.3336502122979255,-6.4801497501321137e-06,6.3238074972105096,1,0,44.45575924494775,533.90953642719342,266.99253312878204,44.498661555350978,44.498661210496138,88.95442080029224,-44.498661555350978,0,0
0.0019986049999921205,3.6537483083520783,0.4975752574409853,3.6537239793688059,-2.4442670110147446e-05,-5.1443294069031253e-06,6.3137966677118129,-5.1372239795455243e-06,6.3392610343271372,-5.1514348342607263e-06,6.3294182766071572,1,0,44.455855737542535,533.90865386055896,266.99333933675177,44.498796202792754,44.498795862576529,88.954651940330137,-44.498796202792754,0,0
0.0019986099999921205,3.6881187952531036,0.53006888833806443,3.688094125209318,-2.4670043785590678e-05,-5.8548721426632255e-06,6.3175496336498327,-5.8548721426632255e-06,6.3430140571085758,-5.8690829973784275e-06,6.3331712780723137,1,0,44.45595240541423,533.90779457328972,266.99407013661624,44.49891817561555,44.498918057787058,88.954870581023926,-44.49891817561555,0,0
0.0019986149999921205,3.7215544921309629,0.56256260450027185,3.7215313568594866,-2.3135271476348862e-05,-4.5332626541494392e-06,6.3194348527417787,-4.5332626541494392e-06,6.3448993472547954,-4.5261572267918382e-06,6.3350565326913966,1,0,44.456049178708753,533.90695857272408,266.9947259776327,44.499027765897637,44.499027653430332,88.955076944601856,-44.499027765897637,0,0
0.0019986199999921204,3.7540485209319741,0.59505637750589813,3.75402527197366,-2.3305801732931286e-05,-5.1940673984063324e-06,6.3194347603712231,-5.1940673984063324e-06,6.3448992904113766,-5.2011728257639334e-06,6.3350564403208409,1,0,44.456145987056075,533.90614619627274,266.99530443915813,44.499124351918411,44.499124464476395,88.955270338969285,-44.499124351918411,0,0
0.0019986249999921204,3.7855945151932247,0.62755026419836213,3.7855726873203821,-2.177102942368947e-05,-3.879563337250147e-06,6.3175402402748659,-3.879563337250147e-06,6.3430048200530109,-3.886668764607748e-06,6.3331619557516206,1,0,44.456242759585706,533.90535744074396,266.99580601369183,44.49920823478476,44.499208353327461,88.955450994366586,-44.49920823478476,0,0
0.0019986299999921204,3.8161859947649646,0.66004415089082613,3.8161641100487032,-2.1884716261411086e-05,-4.5261572267918382e-06,6.3137348007558103,-4.5190517994342372e-06,6.3391994160610921,-4.5332626541494392e-06,6.3293565517597017,1,0,44.456339424948737,533.90459262912714,266.99622830692971,44.499278795394105,44.49927914145465,88.955618220338323,-44.499278795394105,0,0
0.0019986349999921204,3.8458171047750511,0.69253815127012786,3.8457966979876801,-2.0406787371030077e-05,-3.2258640203508548e-06,6.3080102989943043,-3.2187585929932538e-06,6.3334749569321502,-3.2258640203508548e-06,6.3236320713144778,1,0,44.45643591133318,533.90385174755193,266.99657185480066,44.499336343928277,44.499336696496833,88.955772255258239,-44.499336343928277,0,0
0.0019986399999921203,3.8744818766645039,0.72503212322772015,3.8744614130337141,-2.0577317627612501e-05,-3.815614491031738e-06,6.3003513446346915,-3.815614491031738e-06,6.3258160096779648,-3.822719918389339e-06,6.315973116954865,1,0,44.45653214648641,533.90313510448902,266.99683429104147,44.499380264133279,44.499380846566169,88.955912410615866,-44.499380264133279,0,0
0.0019986449999921203,3.9021749103085313,0.7575261520287313,3.9021559246066317,-1.9042545318370685e-05,-2.5366375666635577e-06,6.290750668824785,-2.5366375666635577e-06,6.3162153551843403,-2.5437429940211587e-06,6.3063724553558131,1,0,44.456628057730704,533.90244267525372,266.99701619527656,44.499410875310126,44.499411464673145,88.956038933038286,-44.499410875310126,0,0
0.0019986499999921203,3.928890919269179,0.79002020925145189,3.9288719335672795,-1.9156232156092301e-05,-3.0979663279140368e-06,6.2791940251827327,-3.0979663279140368e-06,6.3046587186477154,-3.0979663279140368e-06,6.2948158046083336,1,0,44.456723571986132,533.90177475371274,266.99711523119726,44.49942756427302,44.499428385699559,88.956151136256054,-44.49942756427302,0,0
0.0019986549999921202,3.9546248444821686,0.82251426647417247,3.9546073367091594,-1.7621459846850485e-05,-1.8189894035458565e-06,6.2656750756673318,-1.8118839761882555e-06,6.2911397833431693,-1.8260948309034575e-06,6.2812968764092147,1,0,44.456818615786119,533.90113130424652,266.99713202239042,44.499430659482442,44.499431488159431,88.956249275266742,-44.499430659482442,0,0
0.0019986599999921202,3.9793719679437345,0.85500829527518363,3.9793543464838876,-1.7735146684572101e-05,-2.3518964553659316e-06,6.2501806752379707,-2.3518964553659316e-06,6.2756453758083808,-2.3661073100811336e-06,6.2658024759798536,1,0,44.456913115300075,533.90051260604491,266.99706426249435,44.499419551056043,44.499420613846901,88.956332666353774,-44.499419551056043,0,0
0.0019986649999921202,4.0031277990237868,0.88750235249790421,4.0031117123362492,-1.6200374375330284e-05,-1.1013412404281553e-06,6.2327054308752849,-1.0942358130705543e-06,6.258170131445695,-1.1013412404281553e-06,6.2483272387225952,1,0,44.457006996348952,533.89991861244494,266.99691261938534,44.499394576646573,44.499395646905597,88.956401572994423,-44.499394576646573,0,0
0.0019986699999921202,4.0258879607790732,0.91999635287720594,4.0258718172481167,-1.63140612130519e-05,-1.5916157281026244e-06,6.213237369934177,-1.5845103007450234e-06,6.2387020349774502,-1.5916157281026244e-06,6.2288591493597778,1,0,44.457100184428654,533.89934958790161,266.99667481922029,44.499355129868988,44.499356436143159,88.956455314296051,-44.499355129868988,0,0
0.0019986749999921201,4.04764864470053,0.95249035325650766,4.0476340359418828,-1.4779288903810084e-05,-3.4106051316484809e-07,6.1917719804682747,-3.3395508580724709e-07,6.2172366170898385,-3.4106051316484809e-07,6.2073937456830208,1,0,44.457192604725691,533.89880547461394,266.99635157420141,44.499301557589376,44.499302871446133,88.956494162314726,-44.499301557589376,0,0
0.0019986799999921201,4.0684060991225124,0.98498426837068109,4.0683912061467709,-1.48929757415317e-05,-8.1712414612411521e-07,6.1682984053845757,-8.1001871876651421e-07,6.1937630206898575,-8.1712414612411521e-07,6.1839201563884671,1,0,44.457284182140448,533.89828652225515,266.99594064356802,44.499233257140219,44.499234808763241,88.95651743927985,-44.499233257140219,0,0
0.0019986849999921201,4.0881566860662133,1.0174781550631451,4.0881433847061999,-1.3415046851150692e-05,4.2632564145606011e-07,6.1428131701291022,4.2632564145606011e-07,6.1682777143801104,4.2632564145606011e-07,6.1584348642895748,1,0,44.457374841302652,533.89779266180631,266.99544278372002,44.499150584624957,44.499152143841116,88.956525425928035,-44.499150584624957,0,0
0.00199868999999212,4.1068973928304331,1.0499719564904808,4.1068840346270008,-1.3358203432289883e-05,-7.1054273576010019e-09,6.1153064976338101,-7.1054273576010019e-09,6.1407709850413994,-1.4210854715202004e-08,6.1309281562671458,1,0,44.457464506594938,533.89732412812555,266.99485578856098,44.499052941283921,44.499054739866921,88.956517447878852,-44.499052941283921,0,0
0.00199869499999212,4.1246252067139721,1.0824657010743977,4.1246133832828491,-1.1937117960769683e-05,1.2079226507921703e-06,6.0857758299448506,1.2221335055073723e-06,6.1112402534035937,1.2079226507921703e-06,6.1013974601564769,1,0,44.457553102168802,533.89688084090938,266.99418045958839,44.49894069245839,44.498942498541041,88.956493794628415,-44.49894069245839,0,0
0.00199869999999212,4.1413373992327251,1.1149593319714768,4.1413255189581832,-1.1937117960769683e-05,8.2422957348171622e-07,6.0542125979168304,8.2422957348171622e-07,6.0796769361104452,8.1001871876651421e-07,6.0698341641796105,1,0,44.457640551967458,533.89646302018116,266.99341462454885,44.498813243519983,44.498815290418506,88.956453795488272,-44.498813243519983,0,0
0.0019987049999921199,4.1570316398065188,1.1474528776034276,4.1570211806174484,-1.0459189070388675e-05,2.0179413695586845e-06,6.0206151673014574,2.0179413695586845e-06,6.046079441546226,2.0108359422010835e-06,6.0362366909316734,1,0,44.457726779742458,533.89607057429839,266.99255913204644,44.498670969015464,44.498673023216327,88.95639774875994,-44.498670969015464,0,0
0.0019987099999921199,4.1717057115420175,1.1799463095485407,4.1716952523529471,-1.0459189070388675e-05,1.6555645743210334e-06,5.9849761129271428,1.6626700016786344e-06,6.0104403019067831,1.6484591469634324e-06,6.0005975939247946,1,0,44.457811709076864,533.89570370844376,266.99161184481704,44.498513278639336,44.498515574953288,88.956324987717863,-44.498513278639336,0,0
0.0019987149999921199,4.1853577954498178,1.2124396278068161,4.1853487573462189,-8.9812601800076663e-06,2.8563817977556027e-06,5.9472947668837151,2.8563817977556027e-06,5.9727588350710903,2.8492763703980017e-06,5.962916191037948,1,0,44.457895263400665,533.89536231959596,266.99057365617017,44.498340556174114,44.498342859488638,88.956235819577643,-44.498340556174114,0,0
0.0019987199999921199,4.1979861293839349,1.2449328323782538,4.1979772049671737,-9.0381035988684744e-06,2.5295321393059567e-06,5.9075648124462532,2.5366375666635577e-06,5.9330287740522181,2.5224267119483557e-06,5.9231861513353579,1,0,44.457977366014276,533.89504659810279,266.98944246539173,44.498152215807316,44.498154762380082,88.956129581824115,-44.498152215807316,0,0
0.0019987249999921198,4.2095895196325728,1.2774258664194349,4.2095820163012831,-7.560174708487466e-06,3.701927653310122e-06,5.8657865551481336,3.694822225952521e-06,5.8912504314889702,3.68771679859492e-06,5.8814078585101015,1,0,44.458057940105398,533.89475642953835,266.98821921389134,44.497948650493143,44.497951203661167,88.956006590602243,-44.497948650493143,0,0
0.0019987299999921198,4.2201667156405165,1.3099187583520688,4.2201592691526457,-7.503331289626658e-06,3.4106051316484809e-06,5.8219548506599494,3.4106051316484809e-06,5.8474185848922389,3.3963942769332789e-06,5.8375760616513617,1,0,44.458136908771351,533.89449198943544,266.9869018354438,44.497729279131136,44.497732076549838,88.955866187905897,-44.497729279131136,0,0
0.0019987349999921198,4.2297168647564831,1.3424114797544462,4.229710782510665,-6.0822458181064576e-06,4.5616843635798432e-06,5.7760709353260609,4.5687897909374442e-06,5.8015345345552305,4.5616843635798432e-06,5.7916920610523448,1,0,44.458214195035396,533.89425315195035,266.98549131886989,44.497494503846838,44.497497307351608,88.955708698886781,-44.497494503846838,0,0
0.0019987399999921197,4.2382394553897029,1.374904030626567,4.2382334299873037,-6.0822458181064576e-06,4.2845726966334041e-06,5.7281307732637288,4.2845726966334041e-06,5.7535942232789239,4.2845726966334041e-06,5.7437517995140297,1,0,44.458289721870273,533.89404007783367,266.98398563555384,44.497243748377272,44.49724679697313,88.955533470251837,-44.497243748377272,0,0
0.0019987449999921197,4.2457341464796627,1.4073963825467217,4.2457297126929916,-4.6043169277254492e-06,5.4356519285647664e-06,5.6781366097879982,5.4285465012071654e-06,5.7035999248000735,5.4285465012071654e-06,5.6937575507731708,1,0,44.45836341221402,533.89385262982421,266.98238582109315,44.496977423988994,44.49698047805829,88.95534083620845,-44.496977423988994,0,0
0.0019987499999921197,4.2522009380263626,1.4398885355149105,4.252196276866016,-4.5474735088646412e-06,5.2153836804791354e-06,5.6260855600953619,5.2153836804791354e-06,5.6515486903663259,5.2082782531215344e-06,5.6417063873936968,1,0,44.458435188993498,533.89369095393704,266.98068988512227,44.496694959428424,44.496698259277302,88.955130148427145,-44.496694959428424,0,0
0.0019987549999921196,4.2576398868732213,1.4723804895311332,4.2576368173286028,-3.1263880373444408e-06,6.3238303482648917e-06,5.5719807434684299,6.3238303482648917e-06,5.597443717419992,6.3096194935496897e-06,5.5876014855016365,1,0,44.458504975139896,533.89355490150751,266.9788989092159,44.496396775086275,44.496400079692279,88.954901750232494,-44.496396775086275,0,0
0.0019987599999921196,4.2620515614544274,1.5048721877519711,4.2620484919098089,-3.1263880373444408e-06,6.1248783822520636e-06,5.5158204546046363,6.1390892369672656e-06,5.5412832509205145,6.1177729548944626e-06,5.5314411042672873,1,0,44.458572693612204,533.89344460387269,266.97701094231832,44.496082304859755,44.49608585578256,88.954654998478077,-44.496082304859755,0,0
0.0019987649999921196,4.2654367007344263,1.5373636870208429,4.2654350522752793,-1.6484591469634324e-06,7.2404304773954209e-06,5.4576087933355666,7.2475359047530219e-06,5.4830714049103335,7.2404304773954209e-06,5.4732293008896704,1,0,44.458638267412695,533.89335990099323,266.97502711202731,44.495751978214557,44.495755533075197,88.954390245634499,-44.495751978214557,0,0
0.0019987699999921196,4.2677962142079195,1.5698549020726205,4.2677946225921914,-1.6484591469634324e-06,7.0699002208129968e-06,5.3973451343836132,7.0627947934553958e-06,5.422807525690132,7.0627947934553958e-06,5.4129655140400246,1,0,44.458701619610501,533.89330090959925,266.97294550735489,44.495405234346677,44.49540903591032,88.954106853964248,-44.495405234346677,0,0
0.0019987749999921195,4.2691312955867033,1.6023458897507226,4.2691311250564468,-1.7053025658242404e-07,8.1570306065259501e-06,5.3350345297076274,8.1499251791683491e-06,5.3604967291676076,8.1428197518107481e-06,5.350654795677201,1,0,44.458762673357427,533.89326745831715,266.97076730297198,44.495042511726894,44.495046316307267,88.953805185092477,-44.495042511726894,0,0
0.0019987799999921195,4.2694435933299246,1.6348365932117304,4.2694434796430869,-2.2737367544323206e-07,8.0220274867315311e-06,5.2706775264255157,8.0362383414467331e-06,5.2961394985118204,8.0220274867315311e-06,5.2862976431811148,1,0,44.458821351910636,533.89325964935506,266.96849062682134,44.494663255021024,44.494667306539441,88.953484606939682,-44.494663255021024,0,0
0.0019987849999921195,4.2687347558967303,1.6673270408773533,4.2687360064519453,1.1937117960769683e-06,9.0878415903716814e-06,5.2042800504636944,9.0949470177292824e-06,5.2297417951763236,9.0807361630140804e-06,5.2199000322161737,1,0,44.458877578648412,533.8932773000588,266.96611670072491,44.494267911633912,44.494271965147121,88.953145490291405,-44.494267911633912,0,0
0.0019987899999921194,4.2670067728067806,1.699817147482463,4.2670081938922522,1.3073986337985843e-06,8.9883656073652674e-06,5.1358438071247292,8.9954710347228684e-06,5.1613053173582557,8.9812601800076663e-06,5.1514636325578067,1,0,44.458931277093569,533.89332049821132,266.96364369369866,44.493855931810501,44.493860232346989,88.952787208913065,-44.493855931810501,0,0
0.0019987949999921194,4.2642620314836677,1.7323069698704785,4.264264759967773,2.6716406864579767e-06,1.0032863428932615e-05,5.0653756389351656,1.0032863428932615e-05,5.0908369146895893,1.0032863428932615e-05,5.0809953364705507,1,0,44.458982370928226,533.89338904994543,266.96107287281802,44.493427771855067,44.493432073263648,88.952410142793326,-44.493427771855067,0,0
0.0019987999999921194,4.2605029761944024,1.7647964796196902,4.2605057046785078,2.7284841053187847e-06,9.9618091553566046e-06,4.9928783667496646,9.9689145827142056e-06,5.0183393653924213,9.9547037279990036e-06,5.008497893754793,1,0,44.459030784016733,533.89348302872838,266.95840244800087,44.492982887721865,44.492987436089848,88.95201367174856,-44.492982887721865,0,0
0.0019988049999921194,4.2557323354230903,1.7972856483083888,4.2557365986795048,4.1495695768389851e-06,1.0999201549566351e-05,4.91835977811661,1.0999201549566351e-05,4.9438205280694092,1.099209612220875e-05,4.9339791701186186,1,0,44.459076440421583,533.89360222955861,266.95563373417298,44.49252174449677,44.492526292515208,88.951598184929352,-44.49252174449677,0,0
0.0019988099999921193,4.2499531787143496,1.8297744759365742,4.2499573851273453,4.2064129956997931e-06,1.0956568985420745e-05,4.8418237525993391,1.0956568985420745e-05,4.8672842112296166,1.0942358130705543e-05,4.8574429385439544,1,0,44.459119264425546,533.89374671171083,266.95276498094267,44.49204380398622,44.492048598751772,88.951163068422716,-44.49204380398622,0,0
0.0019988149999921193,4.2431687461430556,1.862262934082537,4.2431743736415228,5.6274984672199935e-06,1.1965539670200087e-05,4.763279015662647,1.1972645097557688e-05,4.7887392113921123,1.1958434242842486e-05,4.7788980523932878,1,0,44.459159180546848,533.89391625914209,266.94979754995853,44.491549539987119,44.491554333083386,88.950708720545933,-44.491549539987119,0,0
0.0019988199999921193,4.2353826188445964,1.8947510511679866,4.2353881894996448,5.6274984672199935e-06,1.1958434242842486e-05,4.6827305695273935,1.1965539670200087e-05,4.7081904597234825,1.1958434242842486e-05,4.698349421516923,1,0,44.459196113562157,533.89411091706802,266.94672973317671,44.491038420244465,44.491043459728409,88.950234533818588,-44.491038420244465,0,0
0.0019988249999921192,4.2265986053280358,1.9272387703495042,4.2266056539119745,7.0485839387401938e-06,1.2946088645549025e-05,4.6001879923096567,1.2953194072906626e-05,4.625647591183224,1.2946088645549025e-05,4.6158066737689296,1,0,44.45922998852113,533.89433045850956,266.94356293733762,44.490510927184829,44.490515963582993,88.949740915718905,-44.490510927184829,0,0
0.0019988299999921192,4.2168206846326939,1.9597261200487992,4.2168277332166326,7.0485839387401938e-06,1.2960299500264227e-05,4.5156573804661093,1.2960299500264227e-05,4.5411166738063002,1.2953194072906626e-05,4.5312758629734162,1,0,44.459260730768655,533.89457491476992,266.94029549606057,44.489966534604747,44.489971816885188,88.949227265386355,-44.489966534604747,0,0
0.0019988349999921192,4.2060530631715665,1.9922130434224528,4.206061419154139,8.4128259913995862e-06,1.3919532193540363e-05,4.4291492287129586,1.3926637620897964e-05,4.4546082023089184,1.3919532193540363e-05,4.4447675193737268,1,0,44.459288265959586,533.89484404805216,266.9369288619821,44.489405733461091,44.489411011143545,88.948693999434596,-44.489405733461091,0,0
0.0019988399999921191,4.1943002315747435,2.0246995404704649,4.1943087580875726,8.4696694102603942e-06,1.3983481039758772e-05,4.3406707348481177,1.3990586467116373e-05,4.3661293815944191,1.3976375612401171e-05,4.3562888194514926,1,0,44.459312520081447,533.89513787590454,266.93346141195536,44.488828003679188,44.488833526594249,88.948140523774612,-44.488828003679188,0,0
0.0019988449999921191,4.1815671352196659,2.0571856396145449,4.1815769691311289,9.7770680440589786e-06,1.4921397450962104e-05,4.25023321071194,1.4935608305677306e-05,4.2756914879760188,1.4921397450962104e-05,4.2658510608362121,1,0,44.459333419468109,533.89545614984229,266.92989464209165,44.488233844658183,44.488239361368784,88.947567264141213,-44.488233844658183,0,0
0.0019988499999921191,4.1678586057969369,2.0896712840112741,4.1678684397083998,9.8907548817805946e-06,1.5006662579253316e-05,4.1578449341272972,1.5013768006610917e-05,4.1833028845417175,1.5006662579253316e-05,4.1734625852996032,1,0,44.459350890822599,533.89579887382956,266.92622697390732,44.487622742527996,44.487628503678721,88.946973633365602,-44.487622742527996,0,0
0.0019988549999921191,4.1531799297445104,2.1221564736606524,4.1531911847414449,1.1198153515579179e-05,1.5930368135741446e-05,4.0635181193238168,1.5937473563099047e-05,4.0889757002560145,1.5930368135741446e-05,4.0791355431224474,1,0,44.459364861231009,533.89616578883556,266.92245994731365,44.486995205005456,44.487000958252835,88.946360066252396,-44.486995205005456,0,0
0.001998859999992119,4.1375366208740161,2.1546412085626798,4.1375479327143694,1.1198153515579179e-05,1.6044054973463062e-05,3.9672620459896279,1.6051160400820663e-05,3.9927192645450305,1.6036949546105461e-05,3.9828792637308652,1,0,44.459375258183833,533.89655688542234,266.918592026071,44.486350724552636,44.486356721305796,88.945725982752521,-44.486350724552636,0,0
0.001998864999992119,4.120934306683921,2.1871254602956469,4.1209470396097458,1.2562395568238571e-05,1.6939338820520788e-05,3.8690898023219233,1.6939338820520788e-05,3.8945466371842485,1.6925127965805586e-05,3.8847067713732031,1,0,44.459382009590129,533.89697189416643,266.91462479467771,44.485689817060276,44.485695804120525,88.945071826667345,-44.485689817060276,0,0
0.001998869999992119,4.1033789557332057,2.2196092004378443,4.1033916318156116,1.2619238987099379e-05,1.7088552795030409e-05,3.7690117338229356,1.709565822238801e-05,3.7944681849921835,1.7074341940315207e-05,3.7846284755005399,1,0,44.459385043799116,533.89741079242106,266.91055676034875,44.485011981381028,44.485018210873029,88.944397025197233,-44.485011981381028,0,0
0.0019988749999921189,4.0848767639545258,2.2520924858326907,4.0848906905921467,1.3869794202037156e-05,1.7955414932657732e-05,3.6670416889705848,1.7955414932657732e-05,3.6924977422359007,1.7962520360015333e-05,3.6826581890636589,1,0,44.459384289613766,533.89787330053628,266.90638955101497,44.484317741459762,44.484323959380355,88.943702031091476,-44.484317741459762,0,0
0.0019988799999921189,4.0654341546542128,2.284575231215058,4.0654481381352525,1.3926637620897964e-05,1.8133050616597757e-05,3.5631911075029166,1.8140156043955358e-05,3.588646755758873,1.8125945189240156e-05,3.5788073518006058,1,0,44.459379676311826,533.89835938285955,266.90212171684243,44.483606602618025,44.483613061758092,88.942986278947984,-44.483606602618025,0,0
0.0019988849999921189,4.0450577216688544,2.3170574650066555,4.0450731262353656,1.517719283583574e-05,1.8985701899509877e-05,3.457474655021997,1.8985701899509877e-05,3.482929876952312,1.8978596472152276e-05,3.4730906364188741,1,0,44.459371133659317,533.89886874969193,266.89775492927657,44.48287909670811,44.482885542311642,88.942250230386406,-44.48287909670811,0,0
0.0019988899999921188,4.0237543998955516,2.3495391587857739,4.0237696339318063,1.5234036254696548e-05,1.9191759292880306e-05,3.3499047376039925,1.9191759292880306e-05,3.3753595403140935,1.9170443010807503e-05,3.3655204703109121,1,0,44.459358591931888,533.89940135259201,266.8932877826947,44.48213473556207,44.482141421036658,88.941493327513143,-44.48213473556207,0,0
0.0019988949999921188,4.0015311810748244,2.3820202841307037,4.0015477225097129,1.6541434888495132e-05,2.0015988866362022e-05,3.2404968379751153,2.0023094293719623e-05,3.2659511930432927,2.0008883439004421e-05,3.2561122793595132,1,0,44.459341981927068,533.89995689199884,266.88872198936485,44.481374058838334,44.481380728725853,88.940716040785418,-44.481374058838334,0,0
0.0019988999999921188,3.9783953980077058,2.4145008694631542,3.978412053129432,1.659827830735594e-05,2.0236257114447653e-05,3.1292643640767892,2.0243362541805254e-05,3.1547182857138978,2.0229151687090052e-05,3.1448795496658022,1,0,44.459321234985254,533.90053530690716,266.88405618791671,44.480596584924967,44.480603493201301,88.939917819930457,-44.480596584924967,0,0
0.0019989049999921188,3.9543546677123231,2.4469808579397068,3.9543724597024266,1.7848833522293717e-05,2.1046275833214168e-05,3.0162235802322357,2.1053381260571769e-05,3.0416770613328481,2.1039170405856567e-05,3.0318385100258638,1,0,44.459296283002885,533.90113628809513,266.87929213365987,44.479802861085531,44.479809751641952,88.939099144109463,-44.479802861085531,0,0
0.0019989099999921187,3.9294165503633849,2.4794602779820707,3.929434456040326,1.7848833522293717e-05,2.1294965790730203e-05,2.9013888820372813,2.1302071218087804e-05,2.9268418870742607,2.1287860363372602e-05,2.917003506297533,1,0,44.45926705845153,533.9017597622294,266.87442850571102,44.478992412379213,44.478999539709136,88.938259470852046,-44.478992412379213,0,0
0.0019989149999921187,3.9035891745697882,2.5119390727468272,3.9036083876453631,1.9099388737231493e-05,2.2083668227423914e-05,2.7847772869904475,2.2090773654781515e-05,2.8102298230692213,2.2069457372708712e-05,2.8003916199281775,1,0,44.459233494391114,533.90240541063588,266.86946710302158,44.478165793494725,44.478172900892119,88.937399287907908,-44.478165793494725,0,0
0.0019989199999921187,3.8768807257838489,2.544417299077395,3.8768998251725861,1.9156232156092301e-05,2.2353674467012752e-05,2.6664041357093993,2.2360779894370353e-05,2.6918561744082581,2.2346569039655151e-05,2.6820181560083256,1,0,44.459195524490042,533.90307314790175,266.86440664796606,44.477322536155768,44.4773298785815,88.936518060668163,-44.477322536155768,0,0
0.0019989249999921186,3.8492994463013019,2.5768949001303554,3.849319853088673,2.0349943952169269e-05,2.3113955194276059e-05,2.5462872059733854,2.3113955194276059e-05,2.5717387757140386,2.3106849766918458e-05,2.5619009633714995,1,0,44.459153083036945,533.90376264612053,266.8592489798516,44.476463202356257,44.476470522558557,88.935616285416316,-44.476463202356257,0,0
0.0019989299999921186,3.8208540900086518,2.6093718474839989,3.8208743831091851,2.0406787371030077e-05,2.3419488570652902e-05,2.4244427763164822,2.3426593998010503e-05,2.449893841571793,2.3412383143295301e-05,2.4400562068649378,1,0,44.459106104959993,533.90447380805574,266.8539928632747,44.475587330525755,44.475594883883666,88.934693435509161,-44.475587330525755,0,0
0.0019989349999921186,3.7915532971055654,2.6418481411383254,3.7915748976047325,2.1543655748246238e-05,2.4151347588485805e-05,2.3008893563769561,2.4158453015843406e-05,2.3263399100414972,2.4144242161128204e-05,2.3165024884974628,1,0,44.459054525838553,533.90520629680009,266.84864017798157,44.474695489782277,44.474703018550088,88.933750015644989,-44.474695489782277,0,0
0.0019989399999921185,3.7614062193824793,2.6743237810933351,3.7614278767250653,2.1600499167107046e-05,2.4485302674293052e-05,2.1756441341835853,2.4492408101650653e-05,2.2010941478356472,2.4485302674293052e-05,2.191256911032724,1,0,44.458998281922391,533.9059600035589,266.84318973119696,44.473787225281434,44.473794985206851,88.932785507228317,-44.473787225281434,0,0
0.0019989449999921185,3.7304219517864112,2.7067987389273185,3.7304446323105367,2.2737367544323206e-05,2.5181634555337951e-05,2.0487263157065172,2.5195845410053153e-05,2.074175810662382,2.517452912798035e-05,2.0643387941277069,1,0,44.458937310143483,533.90673458266485,266.83764344337686,44.472863113065259,44.472870845961303,88.931800423233923,-44.472863113065259,0,0
0.0019989499999921185,3.698609930324892,2.7392730714836944,3.6986327245358552,2.2737367544323206e-05,2.5551116777933203e-05,1.9201540197855138,2.5551116777933203e-05,1.9456029889397541,2.5544011350575602e-05,1.9357661642516177,1,0,44.458871548134823,533.90752991404156,266.83200016413673,44.471922705032497,44.471930666965619,88.930794253192857,-44.471922705032497,0,0
0.0019989549999921185,3.6659797615357093,2.7717466934973345,3.6660037494584685,2.3874235921539366e-05,2.6226132376905298e-05,1.7899470989846122,2.6226132376905298e-05,1.8153955139155187,2.6219026949547697e-05,1.8055589308119124,1,0,44.458800934240287,533.90834564351053,266.8262618505002,44.470966584025362,44.470974516418423,88.929767518291882,-44.470966584025362,0,0
0.0019989599999921184,3.6325412224869069,2.8042195765465294,3.6325651535662473,2.3931079340400174e-05,2.659561459950055e-05,1.6581245532165667,2.659561459950055e-05,1.6835724068187119,2.659561459950055e-05,1.6737360155616443,1,0,44.458725407533471,533.90918163999891,266.82042739537059,44.469994308679873,44.470002467869897,88.928719716239939,-44.469994308679873,0,0
0.0019989649999921184,3.5983042607767857,2.836691777474698,3.598329442411341,2.5067947717616335e-05,2.7249313916399842e-05,1.5247069455881501,2.7249313916399842e-05,1.5501542236506793,2.7249313916399842e-05,1.5403180526618598,1,0,44.458644907828585,533.9100375410768,266.81449879440748,44.469006468391868,44.469014595463491,88.927651376247709,-44.469006468391868,0,0
0.0019989699999921184,3.5632791082207405,2.869163211016712,3.5633041761684581,2.5067947717616335e-05,2.7675639557855902e-05,1.3897140931362628,2.7675639557855902e-05,1.4151608098700308,2.7675639557855902e-05,1.4053248449386047,1,0,44.458559375698286,533.91091320496798,266.8084749824593,44.468002628562274,44.468010980073629,88.926562004288229,-44.468002628562274,0,0
0.0019989749999921183,3.5274760534775851,2.9016339340159902,3.5275022582936799,2.6204816094832495e-05,2.8279600883251987e-05,1.2531671700344305,2.8293811737967189e-05,1.2786132970177277,2.8279600883251987e-05,1.2687775736708318,1,0,44.458468752483647,533.91180826125969,266.80235799168145,44.466983384964863,44.466991701714093,88.925452137476782,-44.466983384964863,0,0
0.0019989799999921183,3.4909056694232277,2.9341039180508233,3.4909320447695791,2.6147972675971687e-05,2.872013737942325e-05,1.115086860181691,2.872013737942325e-05,1.1405324187307997,2.872013737942325e-05,1.1306969227575792,1,0,44.458372980311722,533.91272255777449,266.79614679886924,44.465948309758794,44.465956848476225,88.924321290099243,-44.465948309758794,0,0
0.0019989849999921183,3.4535786994638329,2.9665731062777922,3.4536060411483049,2.7227997634327039e-05,2.9324098704819335e-05,0.97549497013460496,2.9331204132176936e-05,1.0009398891952515,2.9309887850104133e-05,0.99110462770113372,1,0,44.45827200210433,533.91365571639381,266.78984347021918,44.46489800491495,44.464906506163693,88.923170007048611,-44.46489800491495,0,0
0.0019989899999921183,3.4155058870055655,2.999041555540316,3.4155332286900375,2.7227997634327039e-05,2.9771740628348198e-05,0.83441295117836489,2.9778846055705799e-05,0.85985728048854071,2.9771740628348198e-05,0.85002223926267106,1,0,44.458165761596177,533.91460757484901,266.78344702649349,44.46383204930352,44.463840769938173,88.921997810929469,-44.46383204930352,0,0
0.0019989949999921182,3.3766983733585221,3.0315091805732663,3.3767267950679525,2.8308022592682391e-05,3.0347280244313879e-05,0.69186320672542934,3.0340174816956278e-05,0.71730691786342504,3.0333069389598677e-05,0.70747213243294027,1,0,44.458054203344247,533.91557774760122,266.7769595690483,44.462751050852248,44.462759731252348,88.920805254226849,-44.462751050852248,0,0
0.0019989999999921182,3.3371674703630561,3.0639760666417715,3.3371958352290676,2.8251179173821583e-05,3.0823343877273146e-05,0.54786799807970965,3.0830449304630747e-05,0.57331107683467053,3.0823343877273146e-05,0.56347651167243384,1,0,44.45793727274318,533.91656606260881,266.77038015707149,44.461654595205431,44.461663492299905,88.919591867979435,-44.461654595205431,0,0
0.0019990049999921182,3.0932832260077703,3.096473818686718,1.546641669847304,-1.5466414993170474,0.0024737190074120008,-0.0024641053641971666,-0.010320839294308826,0.010330602151498169,-0.0053551119094663591,0.0053648250286641996,0,0,44.457805772914291,506.94563771134148,267.2896192746021,44.412237402173638,44.41229553189001,88.870043177561655,-44.412237402173638,0,0
0.0019990099999921181,2.7823371624435822,3.1233265929131449,1.3911687801737571,-1.3911685528000817,0.34046443886381894,-0.34045733343646134,0.33076523919817191,-0.33075813377081431,0.33456854708902029,-0.33456143455623533,0,0,44.457665084199576,457.44909305235171,200.68775703331903,33.085571521596989,33.085571607071465,77.543236946261004,-33.085571521596989,0,0
0.0019990149999921181,2.8104675493523246,3.1429388940296121,1.405233888363,-1.4052337746761623,0.3321704227232658,-0.33216331019048084,0.32618245882076735,-0.32617535339340975,0.32857666099062044,-0.3285695626686902,0,0,44.457524395875012,408.56093890564102,121.61294126635522,19.739782899655033,19.739782983597443,64.197307627700468,-19.739782899655033,0,0
0.0019990199999921181,3.0566366149287205,3.1546611936050795,1.5283185348380357,-1.5283183643077791,0.09786666055333626,-0.097859562231406017,0.094254339444432844,-0.094247234017075243,0.095746266026708327,-0.095739167704778083,0,0,44.457383707995497,357.2750618124623,71.026604789255956,11.20744239073473,11.207442415083513,55.664826196596891,-11.20744239073473,0,0
0.001999024999992118,3.0670490787088056,3.1619331828380837,1.5335246530412405,-1.5335245393544028,0.094790962634760945,-0.094783864312830701,0.092230081349953252,-0.092222983028023009,0.093326278260974505,-0.093319172833616904,0,0,44.45724302056135,303.74633875403254,48.478414336935273,7.3850114073110342,7.3850114315559123,51.842254522663353,-7.3850114073110342,0,0
0.001999029999992118,2.8364987088025373,3.164778174247207,1.4182494396663969,-1.4182493544012686,0.32832464569310105,-0.3283175473711708,0.32814700290373366,-0.32813989747637606,0.32832735286092429,-0.32832024743356669,0,0,44.457102333572578,252.1418985311924,-1.7249886846101936,-1.0099988967098712,-1.0099988147078696,43.44710376518735,1.0099988967098712,0,0
0.001999034999992118,2.819967761524822,3.1597128327121027,1.4099840655035223,-1.4099838949732657,0.34000581194959523,-0.33999872073309234,0.34364581580348386,-0.34363873169240833,0.34234606260952205,-0.34233897139301916,0,0,44.456961647028862,202.6972603719569,-81.516822262760996,-14.270383136088691,-14.270383050612551,30.186578850945978,14.270383136088691,0,0
0.001999039999992118,3.0437540488037484,3.1465426388876949,1.5218772659864044,-1.5218770386127289,0.1031894996117444,-0.10318241550066887,0.10941284500631809,-0.10940576089524257,0.10709991471458125,-0.10709280928722364,0,0,44.456820960930159,151.44094976606237,-134.91669912883918,-23.063800025757132,-23.063800000512906,21.393021038362527,23.063800025757132,0,0
0.0019990449999921179,3.0526337013725424,3.1287674744362448,1.5263170780599467,-1.5263168506862712,0.076587959085827606,-0.076580874974752078,0.083924518889944011,-0.083917420568013767,0.081160607123820228,-0.081153501696462627,0,0,44.456680275276774,98.150846199973671,-157.19349265792937,-26.630672527508757,-26.630672508271964,17.826007824355976,26.630672527508757,0,0
0.0019990499999921179,2.7991545437089371,3.1067828842878953,1.399577399752161,-1.3995772576436138,0.30820111618368173,-0.30819401786175149,0.31783806520024882,-0.31783095977289122,0.31415870438422644,-0.31415159895686884,0,0,44.456539590068765,46.998850343555944,-204.09239725991614,-34.265235970741109,-34.265235894223771,10.191303927528772,34.265235970741109,0,0
0.0019990549999921179,2.8535375236060645,3.0768245551371365,1.4267692449720926,-1.4267687333813228,0.44807455878981273,-6.0182969718880486e-06,0.46858269797667162,-0.0058533160540719109,0.46357698124666058,-0.00067170446982345311,0,0,44.456393933485181,-3.1125894100961489,-276.33869001870147,-46.056399310372846,-46.056541068098639,-1.6000049288131066,46.056399310372846,0,0
0.0019990599999921178,2.9155098388855549,3.0431937432240375,0,-2.9155099241506832,0.25688092364362092,6.6364691519993357e-06,0.28323623979531476,6.7146288529329468e-06,0.27304883332135432,6.6435745793569367e-06,0,0,44.45626520323362,-1.7500320706103594,-276.33740106684382,-46.056268285805317,-46.056256636020208,-1.6000028256907726,46.056268285805317,0,0
0.0019990649999921178,2.9180987155541516,3.0101448373898165,-0.095894392870832235,-3.0139932221118215,0.26627404992041193,0.080727637907784811,0.29170644211262697,0.080718926653844392,0.28187583467342847,0.080722294626411895,0,1,44.456133683651473,-0.077747191923890568,-266.7516307039798,-44.458493529708477,-44.458516215638745,-0.002359579782954313,44.458493529708477,0,0
0.0019990699999921178,2.8612171263375785,2.9776813903481525,-4.1495695768389851e-05,-2.8612587072984752,0.23437991814034831,-2.7569058147491887e-06,0.25982048867945196,-2.7640112421067897e-06,0.24998670511422461,-2.7498003873915877e-06,0,1,44.456001843459831,-0.071532507504230125,-266.74618712795291,-44.457595804243795,-44.457598791041264,-0.0015937264040459809,44.457595804243795,0,0
0.0019990749999921177,2.8038386687967431,2.9452178011979413,-4.0472514228895307e-05,-2.8038791981543909,0.28421125364275213,-1.1795009413617663e-06,0.30965195207954821,-1.1723955140041653e-06,0.29981812588175671,-1.1723955140041653e-06,0,1,44.455871396720212,-0.070097991832170692,-266.74743939306097,-44.457804258349,-44.457807354669058,-0.0019325774175271704,44.457804258349,0,0
0.0019990799999921177,2.7458073645902914,2.9127540415174735,-4.2405190470162779e-05,-2.7458498834675993,0.33534414001223922,-3.3892888495756779e-06,0.36078495924130038,-3.3892888495756779e-06,0.35095108330551739,-3.3892888495756779e-06,0,1,44.455742843460158,-0.06864730986725931,-266.74875592660715,-44.458023458884909,-44.458026604098933,-0.0022802800806189794,44.458023458884909,0,0
0.0019990849999921177,2.6871387888149911,2.8802901397284586,-4.1495695768389851e-05,-2.6871801992456312,0.38775507960053801,-1.8118839761882555e-06,0.41319603383271897,-1.8118839761882555e-06,0.40336210815894447,-1.8118839761882555e-06,0,1,44.455616232041287,-0.067180540903336805,-266.75013640492932,-44.458253292239483,-44.458256545035283,-0.0026366724431170496,44.458253292239483,0,0
0.0019990899999921177,2.6278485734110291,2.8478260674091871,-4.3314685171935707e-05,-2.6278920017830387,0.44140512045487412,-4.0216718844021671e-06,0.46684619547932016,-4.0145664570445661e-06,0.45701220585669944,-4.007461029686965e-06,0,1,44.455491609654246,-0.065698384271598798,-266.75157916456681,-44.458493542928053,-44.458496838938139,-0.0030014918686873671,44.458493542928053,0,0
0.0019990949999921176,2.5679525776922674,2.815361824559659,-4.2291503632441163e-05,-2.5679948976176092,0.49627019649278736,-2.4371615836571436e-06,0.52171142783663527,-2.4442670110147446e-06,0.5118773955814504,-2.4371615836571436e-06,0,1,44.455369022307913,-0.064200929535104478,-266.75308386780011,-44.458744090996312,-44.458747492572755,-0.0033745724182026038,44.458744090996312,0,0
0.0019990999999921176,2.5074666893942776,2.7828973543364555,-4.411049303598702e-05,-2.5075109419958608,0.55231086548701569,-4.6256332097982522e-06,0.57775226025569282,-4.6256332097982522e-06,0.56791817826251645,-4.6185277824406512e-06,0,1,44.45524851482088,-0.062688879069611403,-266.75464879490971,-44.45900471533389,-44.459008154389657,-0.0037556482021443571,44.45900471533389,0,0
0.0019991049999921176,2.4464070236263069,2.7504327135829953,-4.3087311496492475e-05,-2.4464501962029317,0.60950252134261973,-3.0482283364108298e-06,0.63494405821984401,-3.0482283364108298e-06,0.62510989806696671,-3.0482283364108298e-06,0,1,44.455130130809465,-0.061162332245089601,-266.75627359094977,-44.459275289888396,-44.459278832425369,-0.0041445495764094176,44.459275289888396,0,0
0.0019991099999921175,2.3847897239193117,2.7179678738775692,-4.5019987737759948e-05,-2.3848347439070494,0.66780528129584127,-5.2153836804791354e-06,0.69324697449246742,-5.2082782531215344e-06,0.68341276460159861,-5.2082782531215344e-06,0,1,44.45501391268126,-0.05962199409688651,-266.75795648484018,-44.459555588080534,-44.459559162310335,-0.0045410075939926742,44.459555588080534,0,0
0.0019991149999921175,2.3226311043345049,2.6855028067984676,-4.3883119360543787e-05,-2.3226750442972843,0.72719400634468911,-3.652189661806915e-06,0.7526358771769992,-3.645084234449314e-06,0.74280161044271154,-3.645084234449314e-06,0,1,44.454899901624898,-0.058067973335624856,-266.75969710757704,-44.459845477899066,-44.459849153458123,-0.0049448490801609069,44.459845477899066,0,0
0.0019991199999921175,2.2599475641982281,2.6530375407674001,-4.5702108764089644e-05,-2.2599933515721204,0.78762840161061831,-5.7909232964448165e-06,0.81307044297318498,-5.7980287238024175e-06,0.80323610518462374,-5.7980287238024175e-06,0,1,44.454788137601902,-0.056500977265869778,-266.76149363268104,-44.460144727594894,-44.460148429014779,-0.005355802364590545,44.460144727594894,0,0
0.0019991249999921175,2.1967556449453696,2.6205720757843665,-4.4565240386873484e-05,-2.1968002954508847,0.84908285913343207,-4.2348347051301971e-06,0.87452507102625532,-4.2277292777725961e-06,0.8646906621834205,-4.2206238504149951e-06,0,1,44.454678659337489,-0.054921123467323696,-266.76334567954859,-44.460453199371017,-44.460456999905205,-0.0057736909506687084,44.460453199371017,0,0
0.0019991299999921174,2.1330719164325274,2.588106355005948,-4.638422979041934e-05,-2.1331184143491555,0.91151671455236283,-6.3664629124104977e-06,0.93695911829172474,-6.3593574850528967e-06,0.9271246455000437,-6.3593574850528967e-06,0,1,44.454571504314856,-0.053329121119077172,-266.76525137139691,-44.460770656461094,-44.46077447698211,-0.0061982406295157944,44.460770656461094,0,0
0.0019991349999921174,2.0689131474682654,2.5556404068538541,-4.5361048250924796e-05,-2.0689585369382257,0.97490391226529027,-4.7961634663806763e-06,1.000346472324054,-4.7890580390230753e-06,0.99051192137267208,-4.7961634663806763e-06,0,1,44.454466708765054,-0.051725096195269771,-266.76721031332329,-44.461096955532106,-44.461100872894036,-0.0066292718631402181,44.461096955532106,0,0
0.0019991399999921174,2.0042961637045664,2.5231742313280847,-4.7066350816749036e-05,-2.004343286898802,1.0392034184292243,-6.9206862463033758e-06,1.0646461987562361,-6.9135808189457748e-06,1.0548115696451532,-6.9135808189457748e-06,0,1,44.454364307662217,-0.050109759350220884,-266.76922058056698,-44.461431855008016,-44.461435786445435,-0.007066508142379746,44.461431855008016,0,0
0.0019991449999921173,1.9392378476368322,2.4907077715852211,-4.5929482439532876e-05,-1.9392838339626906,1.1043888079598219,-5.3503868002735544e-06,1.129831773027945,-5.3432813729159534e-06,1.1199970799680159,-5.3361759455583524e-06,0,1,44.454264334715148,-0.048483244474709863,-266.77128176731634,-44.461775206187781,-44.46177923213763,-0.00750976708382467,44.461775206187781,0,0
0.0019991499999921173,1.8737551386038831,2.4582410844686819,-4.7748471843078732e-05,-1.8738028586540167,1.1704187201644345,-7.4464878707658499e-06,1.1958618841845237,-7.4464878707658499e-06,1.1860271129648936,-7.4393824434082489e-06,0,1,44.454166822361422,-0.046846263294384016,-266.77339189815012,-44.462126762968751,-44.462130797051039,-0.0079587701886083551,44.462126762968751,0,0
0.0019991549999921173,1.8078651464747963,2.4257741131350485,-4.6611603465862572e-05,-1.8079117296565528,1.2372663391602146,-5.8903992794512305e-06,1.2627097234485518,-5.8903992794512305e-06,1.2528748598583661,-5.8832938520936295e-06,0,1,44.454071801760385,-0.045198957136022955,-266.77555055958214,-44.462486371456372,-44.462490497671162,-0.0084133324296473688,44.462486371456372,0,0
0.0019991599999921172,1.7415850379620679,2.3933068860060303,-4.8203219193965197e-05,-1.7416332980246807,1.3048900697754107,-7.9651840678707231e-06,1.3303336530157139,-7.9651840678707231e-06,1.3204987041603999,-7.9580786405131221e-06,0,1,44.453979302788341,-0.043542038389631443,-266.77775572736971,-44.462853781238749,-44.462857909615693,-0.0088731735603388984,44.462853781238749,0,0
0.0019991649999921172,1.6749319797781936,2.3608394030816271,-4.695266397902742e-05,-1.6749791313941387,1.3732627408558074,-6.4019900491985027e-06,1.3987065443643587,-6.4019900491985027e-06,1.3888715244547711,-6.4019900491985027e-06,0,1,44.453889354031801,-0.041875655334678186,-266.78000698097469,-44.463228833447893,-44.463233051529961,-0.0093381061533506227,44.463228833447893,0,0
0.0019991699999921172,1.6079233375876356,2.3283716359401296,-4.8771653382573277e-05,-1.6079720808193088,1.4423425014342683,-8.4696694102603942e-06,1.4677865252110678,-8.4554585555451922e-06,1.4579514129309246,-8.4625639829027932e-06,0,1,44.453801982784029,-0.040200520615712776,-266.78230224995383,-44.463611273577399,-44.46361548782869,-0.0098078484508690167,44.463611273577399,0,0
0.0019991749999921172,1.5405763633680181,2.2959035845815379,-4.75210981676355e-05,-1.540623969731314,1.5121018961394839,-6.9135808189457748e-06,1.5375461472899588,-6.8993699642305728e-06,1.5277109568501146,-6.8993699642305728e-06,0,1,44.453717215038047,-0.038516788980103911,-266.78464110624918,-44.464000938026793,-44.464005239512936,-0.010282210886849441,44.464000938026793,0,0
0.0019991799999921171,1.4729085080489313,2.2634352490058518,-4.9226400733459741e-05,-1.4729577344496647,1.5824988963686337,-8.9386276158620603e-06,1.6079433677873567,-8.9386276158620603e-06,1.5981080849769569,-8.9457330432196613e-06,0,1,44.4536350754842,-0.036825172914689119,-266.78702143536105,-44.464397568411719,-44.464401860055773,-0.010760910428622594,44.464397568411719,0,0
0.0019991849999921171,1.4049372509816749,2.2309666292130714,-4.7862158680800349e-05,-1.4049853120923217,1.6535057412170318,-7.3896444519050419e-06,1.6789504471148575,-7.3896444519050419e-06,1.6691150932501841,-7.3825390245474409e-06,0,1,44.453555587503942,-0.035125833147617413,-266.7894428029532,-44.464800996621236,-44.464805372991243,-0.011243755611552331,44.464800996621236,0,0
0.0019991899999921171,1.3366800430958392,2.1984976967814873,-4.9681148084346205e-05,-1.3367296674005047,1.7250802599733106,-9.4004803941061255e-06,1.7505252003502392,-9.4004803941061255e-06,1.7406897399041554,-9.3933749667485245e-06,0,1,44.453478773167589,-0.033419481593199407,-266.79190305124683,-44.465210960642302,-44.465215321145457,-0.011730462394453411,44.465210960642302,0,0
0.001999194999992117,1.2681545058512711,2.1660284517110995,-4.8316906031686813e-05,-1.2682029364441405,1.7971944572536813,-7.8514972301491071e-06,1.8226396392151401,-7.8443918027915061e-06,1.8128040863985007,-7.8443918027915061e-06,0,1,44.453404653229477,-0.031706284473273172,-266.79440174224658,-44.465627288051238,-44.465631730736405,-0.012220837627303638,44.465627288051238,0,0
0.001999199999992117,1.1993782038643985,2.1335589224236173,-4.9908521759789437e-05,-1.1994281692295772,1.8698060344490841,-9.8481223176349886e-06,1.8952514508896456,-9.8410168902773876e-06,1.8854157985970232,-9.8410168902773876e-06,0,1,44.453333247126558,-0.029986952713699111,-266.79693667665549,-44.466049713449671,-44.466054134234547,-0.012714596517078292,44.466049713449671,0,0
0.001999204999992117,1.1303687301733589,2.1010890804973315,-4.8771653382573277e-05,-1.1304175302484509,1.9428868114346187,-8.2920337263203692e-06,1.9683324907759925,-8.2849282989627682e-06,1.9584967461128144,-8.2849282989627682e-06,0,1,44.453264572973538,-0.028261657541492013,-266.79950741279549,-44.466478060344066,-44.466482560736523,-0.013211544483716864,44.466478060344066,0,0
0.0019992099999921169,1.0611438199248369,2.0686189259322418,-5.0249582272954285e-05,-1.0611940979288192,2.0163943759143876,-1.0260237104375847e-05,2.0418402897348642,-1.0253131677018246e-05,2.0320044527011305,-1.0246026249660645e-05,0,1,44.453198647562104,-0.026531108477229282,-266.80211171108414,-44.466912060192129,-44.466916532646877,-0.013711396235642326,44.466912060192129,0,0
0.0019992149999921169,0.99172112300038862,2.0361484587283485,-4.8999027058016509e-05,-0.99177020729257492,2.0903003985495161,-8.7112539404188283e-06,2.1157465823762323,-8.7112539404188283e-06,2.1059106387610882,-8.7041485130612273e-06,0,1,44.453135486356913,-0.024795481264703767,-266.80474912790521,-44.467351532650895,-44.467356082111998,-0.014213955993582772,44.467351532650895,0,0
0.0019992199999921169,0.92211834612498933,2.003677650463942,-5.0476955948397517e-05,-0.92216887992435659,2.1645624386223972,-1.0651035609043902e-05,2.1900088569282161,-1.0651035609043902e-05,2.1801728138370891,-1.0651035609043902e-05,0,1,44.453075103495934,-0.023055483600444404,-266.80741738584408,-44.467796206275523,-44.46780072176248,-0.014718938217150423,44.467796206275523,0,0
0.0019992249999921169,0.85235319602361415,1.9712065295607317,-4.9112713895738125e-05,-0.8524025076894759,2.2391520033693268,-9.1162632998020854e-06,2.2645986703651033,-9.1091578724444844e-06,2.2547625277979932,-9.1091578724444844e-06,0,1,44.453017511786619,-0.021311295258044538,-266.81011603972422,-44.46824589711985,-44.46825048698954,-0.015226146181227307,44.46824589711985,0,0
0.0019992299999921168,0.7824434646863665,1.9387350675970083,-5.0704329623840749e-05,-0.78249419743769977,2.3140266662835529,-1.1034728686354356e-05,2.3394735961801416,-1.1027623258996755e-05,2.3296373612424759,-1.1034728686354356e-05,0,1,44.452962722707667,-0.019563621691787603,-266.81284277742952,-44.468700331056368,-44.468704880920441,-0.015735294322027471,44.468700331056368,0,0
0.0019992349999921168,0.71240685883822152,1.9062632645727717,-4.9340087571181357e-05,-0.71245634103433986,2.3891578351253884,-9.4857455223973375e-06,2.414605042133644,-9.4786400950397365e-06,2.4047687148254226,-9.4857455223973375e-06,0,1,44.452910746405415,-0.017812646217834072,-266.81559715228786,-44.469159320781579,-44.469163942386821,-0.016246185218328435,44.469159320781579,0,0
0.0019992399999921168,0.64226117046928266,1.873791120488022,-5.0931703299283981e-05,-0.64231201690745365,2.4645030975989357,-1.1382894626876805e-05,2.4899505675080036,-1.1382894626876805e-05,2.4801141194075171,-1.1382894626876805e-05,0,1,44.45286159169504,-0.016059071630564858,-266.81837681681225,-44.46962258978148,-44.46962716536018,-0.016758533583335122,44.46962258978148,0,0
0.0019992449999921167,0.57202410630452505,1.8413186637644685,-4.9567461246624589e-05,-0.57207375903089996,2.5400338259373711,-9.8339114629197866e-06,2.5654815587472513,-9.8410168902773876e-06,2.5556450324870639,-9.8410168902773876e-06,0,1,44.452815266059375,-0.014303084302554225,-266.82118132763566,-44.470089947577037,-44.470094592240393,-0.017272141483836378,44.470089947577037,0,0
0.0019992499999921167,0.50171345833405212,1.8088458375586924,-5.0931703299283981e-05,-0.50176441845906083,2.6157076504773613,-1.1709744285326451e-05,2.641155653293481,-1.1709744285326451e-05,2.6313190133464559,-1.170263885796885e-05,0,1,44.45277177565039,-0.01254538395153304,-266.8240083025745,-44.470561115531332,-44.470565708162781,-0.017786724173291191,44.470561115531332,0,0
0.0019992549999921167,0.43134696170454845,1.7763726987141126,-4.9681148084346205e-05,-0.43139669969605166,2.6914959221358004,-1.0160761121369433e-05,2.7169441878527323,-1.0160761121369433e-05,2.7071074413242968,-1.0160761121369433e-05,0,1,44.452731125287769,-0.010786159521586569,-266.82685730139076,-44.47103590025371,-44.471040559303034,-0.018302083470025821,44.47103590025371,0,0
0.0019992599999921166,0.36094229471927974,1.7438991903873102,-5.0931703299283981e-05,-0.36099331168770732,2.7673563778307653,-1.2022383089060895e-05,2.7928049206593641,-1.2015277661703294e-05,2.7829680533386636,-1.2008172234345693e-05,0,1,44.45269331846265,-0.0090261072382133989,-266.82972591182687,-44.471514021187105,-44.471518622218206,-0.018817935368076633,44.471514021187105,0,0
0.0019992649999921166,0.29051719252493058,1.7114253125782852,-4.9681148084346205e-05,-0.29056698735985265,2.8432603755845776,-1.0480505352461478e-05,2.8687092026302707,-1.0473399925103877e-05,2.8588722358335872,-1.0480505352461478e-05,0,1,44.452658357336176,-0.0072654181358586811,-266.83261369666673,-44.471995282294316,-44.471999947070898,-0.01933408169776385,44.471995282294316,0,0
0.0019992699999921166,0.22008939026818553,1.6789511221304565,-5.0931703299283981e-05,-0.2201404072366131,2.9191658086347161,-1.2292389328649733e-05,2.9446149056866489,-1.2292389328649733e-05,2.9347778323085549,-1.2292389328649733e-05,0,1,44.452626242742966,-0.005504784532689655,-266.83551821327279,-44.472479401392121,-44.472484002188615,-0.019850239483346854,44.472479401392121,0,0
0.0019992749999921166,0.149676480987182,1.6464765622004052,-4.9681148084346205e-05,-0.14972624740039464,2.9950440563197844,-1.0764722446765518e-05,3.0204934233779568,-1.0764722446765518e-05,3.0106562363130251,-1.0750511592050316e-05,0,1,44.452596974190897,-0.0037443990740371191,-266.83843903001821,-44.472966180010062,-44.472970841877526,-0.02036621077511569,44.472966180010062,0,0
0.0019992799999921165,0.079296114563476294,1.6140016612098407,-5.0818016461562365e-05,-0.079347046266775578,3.0708531895129454,-1.255529014088097e-05,3.0963028478936394,-1.2548184713523369e-05,3.0864655613527248,-1.2548184713523369e-05,0,1,44.452570549866252,-0.0019849497587642873,-266.84137367769256,-44.473455334563234,-44.473459926517314,-0.020881713843792227,44.473455334563234,0,0
0.0019992849999921165,0.0089658556134963874,1.5815263623153442,-4.9567461246624589e-05,-0.009015565183290164,3.1465646728179308,-1.1034728686354356e-05,3.1720145940994371,-1.1027623258996755e-05,3.1621772009771121,-1.1020517831639154e-05,0,1,44.452546966633136,-0.00022663036705239392,-266.84432172926097,-44.473946664430642,-44.47395131478369,-0.021396551232832905,44.473946664430642,0,0
0.0019992899999921165,-0.061296731246329728,1.5490507223603345,-5.0704329623840749e-05,0.061245827964739874,3.222136804481579,-1.2782663816324202e-05,3.2475870312964616,-1.2775558388966601e-05,3.2377495386981536,-1.2775558388966601e-05,0,1,44.452526220039374,0.0015298758316362182,-266.84728069112572,-44.474439884883097,-44.474444459422728,-0.021910442706918332,44.474439884883097,0,0
0.0019992949999921164,-0.13147410982128349,1.5165747413448116,-4.9453774408902973e-05,0.13142451393832744,3.2975411343727501,-1.1254996934439987e-05,3.322991624088445,-1.1254996934439987e-05,3.3131540106978719,-1.1254996934439987e-05,0,1,44.452508304316744,0.0032843743947523762,-266.85025014206508,-44.474934793375887,-44.474939423648728,-0.022423191518008423,44.474934793375887,0,0
0.0019992999999921164,-0.20154885760348407,1.4840983624253568,-5.0590642786119133e-05,0.2014981248521508,3.3727362165336672,-1.2995826637052232e-05,3.3981870046773111,-1.298161578233703e-05,3.3883492704944729,-1.2988721209694631e-05,0,1,44.452493212386955,0.005036187189574548,-266.85322756474125,-44.475431104320464,-44.475435652918051,-0.022934519197285397,44.475431104320464,0,0
0.0019993049999921164,-0.27150358050676004,1.4516216708670981,-4.9226400733459741e-05,0.27145415515406057,3.4476937642580197,-1.1461054327810416e-05,3.4731448224079031,-1.1461054327810416e-05,3.4633069887490819,-1.1453948900452815e-05,0,1,44.452480935863989,0.0067851195794901287,-266.85621254841021,-44.475928613447621,-44.475933215122097,-0.023444229889868495,44.475928613447621,0,0
0.0019993099999921164,-0.34132094128835888,1.4191445814049075,-5.0363269110675901e-05,0.34127040748899162,3.5223725802779882,-1.3173462320992257e-05,3.5478239510666754,-1.3166356893634656e-05,3.5379859966155891,-1.3166356893634656e-05,0,1,44.452471465059737,0.0085304989717940316,-266.85920255121613,-44.476427034598402,-44.476431548779182,-0.023952047166083901,44.476427034598402,0,0
0.0019993149999921163,-0.41098363112723746,1.3866671224604943,-4.9112713895738125e-05,0.410934404726504,3.5967445981555102,-1.1652900866465643e-05,3.6221962318450096,-1.1652900866465643e-05,3.6123581566016583,-1.1645795439108042e-05,0,1,44.452464788986411,0.010272131001300977,-266.8621971732174,-44.476926162044265,-44.476930726659276,-0.024457776313255408,44.476926162044265,0,0
0.0019993199999921163,-0.48047439804577152,1.3541893224555679,-5.0249582272954285e-05,0.480424176885208,3.6707689261561427,-1.3329781722859479e-05,3.6962208511681638,-1.3329781722859479e-05,3.6863826906596842,-1.3322676295501878e-05,0,1,44.452460895364112,0.012009349013823112,-266.86519385238364,-44.477425709273589,-44.4774301806235,-0.024961143140551201,44.477425709273589,0,0
0.0019993249999921163,-0.54977621744001226,1.3217111245467095,-4.8885340220294893e-05,0.5497272752563731,3.7444177038992166,-1.1802114840975264e-05,3.769869913128332,-1.1802114840975264e-05,3.7600316318275873,-1.1802114840975264e-05,0,1,44.452459770623378,0.013741959374840462,-266.86819219987001,-44.47792546936212,-44.477929988521502,-0.025461954321038149,44.47792546936212,0,0
0.0019993299999921162,-0.61887192259746371,1.2892325855773379,-4.9908521759789437e-05,0.61882198565399449,3.8176504091325114,-1.3457679415296298e-05,3.8431028954732938,-1.3457679415296298e-05,3.833264493380284,-1.3450573987938697e-05,0,1,44.452461399912849,0.015469301764966303,-266.87118963390742,-44.478425155721716,-44.478429575896428,-0.025959938158457874,44.478425155721716,0,0
0.0019993349999921162,-0.68774457417930535,1.2567537055474531,-4.8544279707130045e-05,0.68769594463446992,3.8904393946381788,-1.1944223388127284e-05,3.9158921794069101,-1.1937117960769683e-05,3.9060536778379173,-1.1937117960769683e-05,0,1,44.452465767103092,0.017191183734894366,-266.87418577952405,-44.478924560451404,-44.47892902583218,-0.026454902908916722,44.478924560451404,0,0
0.0019993399999921162,-0.75637720442500722,1.2242743991919269,-4.9453774408902973e-05,0.7563276369637606,3.9627445715950671,-1.3550049970945111e-05,3.9881976476863201,-1.354294454358751e-05,3.9783590466413443,-1.3550049970945111e-05,0,1,44.452472854794919,0.01890695169018386,-266.87717803707608,-44.479423397151528,-44.479427757884324,-0.026946579612037169,44.479423397151528,0,0
0.0019993449999921161,-0.82475310136942426,1.191794780197597,-4.8089532356243581e-05,0.82470484130681143,4.0345385627915675,-1.2043699371133698e-05,4.0599919159944875,-1.2036593943776097e-05,4.0501532154735287,-1.2036593943776097e-05,0,1,44.452482644323226,0.020616414815719963,-266.88016604534425,-44.479921457213884,-44.479925860574944,-0.027434778352095179,44.479921457213884,0,0
0.0019993499999921161,-0.89285543936057365,1.1593147917210445,-4.9226400733459741e-05,0.8928062129598402,4.1057816702050332,-1.3621104244521121e-05,4.1312353147304748,-1.3621104244521121e-05,4.1213964721009688,-1.3621104244521121e-05,0,1,44.452495115766048,0.022318926628003055,-266.88314718855554,-44.480418454677377,-44.48042274778755,-0.027919233129658494,44.480418454677377,0,0
0.0019993549999921161,-0.96066762012014806,1.1268344053405599,-4.7748471843078732e-05,0.96061978638317669,4.1764468363680862,-1.2121859072067309e-05,4.2019007722160495,-1.2121859072067309e-05,4.1920618301105605,-1.2121859072067309e-05,0,1,44.45251024794976,0.024014298388294719,-266.88612112264047,-44.480914180437679,-44.48091851362706,-0.028399756041082469,44.480914180437679,0,0
0.0019993599999921161,-1.028173102213259,1.0943537063212716,-4.8657966544851661e-05,1.0281243874032953,4.2464948677434222,-1.3677947663381929e-05,4.2719490664921977,-1.3663736808666727e-05,4.2621100249107258,-1.3663736808666727e-05,0,1,44.452528018458658,0.025701891103665275,-266.88908521683004,-44.481408349244191,-44.481412566644856,-0.02887608429066546,44.481408349244191,0,0
0.001999364999992116,-1.0953555147352745,1.0618726093980513,-4.7293724492192268e-05,1.095308135745654,4.3158989981861851,-1.2171597063570516e-05,4.3413534882574822,-1.2164491636212915e-05,4.3315143258837452,-1.2157386208855314e-05,0,1,44.452548403639767,0.027381518549589146,-266.89203914347985,-44.481900751775122,-44.481905006738899,-0.029348032236356403,44.481900751775122,0,0
0.001999369999992116,-1.1621984867815627,1.0293911714143178,-4.8203219193965197e-05,1.1621501982972404,4.3846205386444126,-1.3699263945454732e-05,4.4100753058273767,-1.3692158518097131e-05,4.4002360368722293,-1.3692158518097131e-05,0,1,44.45257137861396,0.02905254959711101,-266.89498026041696,-44.482391103712196,-44.482395237417933,-0.02981534047769685,44.482391103712196,0,0
0.001999374999992116,-1.2286857895560388,0.99690936394836172,-4.6838977141305804e-05,1.2286388937354786,4.4526331208771808,-1.2192913345643319e-05,4.4780881509609571,-1.2185807918285718e-05,4.4682487825298267,-1.2185807918285718e-05,0,1,44.452596917281191,0.03071480096488699,-266.89790825750208,-44.482879195762841,-44.482883364552464,-0.030277825848529005,44.482879195762841,0,0
0.0019993799999921159,-1.2948013932145841,0.96442721542189247,-4.7634785005357116e-05,1.2947536731644504,4.5198985318961604,-1.368505309073953e-05,4.5453538675133132,-1.3677947663381929e-05,4.5355143925007724,-1.3677947663381929e-05,0,1,44.452624992332012,0.032367649756139372,-266.90082048246393,-44.483364744807893,-44.483368786943046,-0.030735232577349336,44.483364744807893,0,0
0.0019993849999921159,-1.3605292963347893,0.93194472583491006,-4.6156856114976108e-05,1.3604829689484177,4.5863908368914963,-1.2192913345643319e-05,4.6118464567257433,-1.2178702490928117e-05,4.6020068680263648,-1.2178702490928117e-05,0,1,44.452655575253218,0.03401091605545048,-266.90371664329905,-44.483847541830841,-44.483851616611062,-0.031187380186779023,44.483847541830841,0,0
0.0019993899999921159,-1.4258536680245015,0.89946183834399562,-4.7066350816749036e-05,1.4258065164085565,4.6520723984144752,-1.3656631381309126e-05,4.6775282669386797,-1.3642420526593924e-05,4.6676885787633182,-1.3642420526593924e-05,0,1,44.45268863633973,0.035643985559914881,-266.90659407913034,-44.484327305169572,-44.484331247976002,-0.031634016757443817,44.484327305169572,0,0
0.0019993949999921158,-1.4907587910784059,0.86697863821427745,-4.5588421926368028e-05,1.4907130037045135,4.7169176795591738,-1.2164491636212915e-05,4.742373818089618,-1.2157386208855314e-05,4.7325340091219914,-1.2157386208855314e-05,0,1,44.452724144701854,0.037266682134287521,-266.90945251952189,-44.484803826288712,-44.484807799344608,-0.03207496466917803,44.484803826288712,0,0
0.0019993999999921158,-1.5552290051346063,0.83449509702404612,-4.638422979041934e-05,1.5551825072179781,4.7808896468382045,-1.3585577107733116e-05,4.806346069585743,-1.3585577107733116e-05,4.7965061611421334,-1.3578471680375515e-05,0,1,44.452762068277906,0.038878400422959203,-266.91228929696865,-44.485276825236923,-44.485280661080793,-0.032509976069370339,44.485276825236923,0,0
0.0019994049999921158,-1.6192489340483007,0.80201118635159219,-4.5019987737759948e-05,1.6192038287954347,4.8439632180929948,-1.2100542789994506e-05,4.8694199179522002,-1.2093437362636905e-05,4.8595799242434623,-1.2093437362636905e-05,0,1,44.452802373840996,0.040478968478595334,-266.91510416164363,-44.485746094229867,-44.48574995797496,-0.032938876425653518,44.485746094229867,0,0
0.0019994099999921158,-1.6828032585181063,0.76952696304033452,-4.581579560181126e-05,1.6827574143007951,4.9061019922191917,-1.3493206552084303e-05,4.931558947873782,-1.3486101124726702e-05,4.9217188262673517,-1.3478995697369101e-05,0,1,44.452845027011293,0.042067790239372016,-266.91789443901928,-44.4862113553028,-44.486215076683038,-0.033361422189514656,44.4862113553028,0,0
0.0019994149999921157,-1.7458767729294777,0.73704237024685426,-4.4337866711430252e-05,1.745832349797638,4.967281363121856,-1.2015277661703294e-05,4.9927385816772585,-1.2001066806988092e-05,4.9828983890165546,-1.2001066806988092e-05,0,1,44.452889992264986,0.043644698344650124,-266.92065990492551,-44.486672401609965,-44.486676148593006,-0.033777442063609442,44.486672401609965,0,0
0.0019994199999921157,-1.8084544990415452,0.70455746481457027,-4.5019987737759948e-05,1.8084093369452603,5.0274655905013788,-1.3372414287005085e-05,5.0529230719575935,-1.3372414287005085e-05,5.0430827513991972,-1.3372414287005085e-05,0,1,44.45293723294791,0.045209106365035723,-266.92339788084797,-44.487128957399207,-44.487132556953426,-0.034186696985706533,44.487128957399207,0,0
0.0019994249999921157,-1.8705214870351483,0.67207218990006368,-4.3655745685100555e-05,1.8704777744460444,5.0866305869590178,-1.1894485396624077e-05,5.1120883099997627,-1.1894485396624077e-05,5.1022478899653834,-1.1894485396624077e-05,0,1,44.452986711282868,0.046760851917014179,-266.92610816478583,-44.487580817058053,-44.487584439970895,-0.034589019144597444,44.487580817058053,0,0
0.0019994299999921156,-1.9320630428865115,0.63958665919017221,-4.4337866711430252e-05,1.9320187050198001,5.144741280105336,-1.3223200312495464e-05,5.1701992802577479,-1.3216094885137863e-05,5.1603587820636676,-1.3223200312495464e-05,0,1,44.453038388385103,0.048299358534080739,-266.92878807923461,-44.48802770725321,-44.488031177765137,-0.034984174126826417,44.48802770725321,0,0
0.0019994349999921156,-1.9930646146804065,0.60710075899805815,-4.2859937821049243e-05,1.9930216694774572,5.2017741367649251,-1.1759482276829658e-05,5.2272323856072944,-1.1745271422114456e-05,5.2173917737263764,-1.1752376849472057e-05,0,1,44.453092224269966,0.049824469190525633,-266.93143744467733,-44.488469423851086,-44.488472915535041,-0.035371997806983302,44.488469423851086,0,0
0.0019994399999921156,-2.053511792610152,0.57461454616714036,-4.3428372009657323e-05,2.0534682221295952,5.2576947950910835,-1.305267005591304e-05,5.2831532926234104,-1.3045564628555439e-05,5.2733125883719367,-1.3045564628555439e-05,0,1,44.453148177867725,0.051335617705433378,-266.93405358369591,-44.488905696210857,-44.488909030618068,-0.035752260648337142,44.488905696210857,0,0
0.0019994449999921156,-2.1133903658210329,0.5421279922757094,-4.2177816794719547e-05,2.1133482164259476,5.3124803045534463,-1.1581846592889633e-05,5.337939036564876,-1.1574741165532032e-05,5.3280982399428467,-1.1574741165532032e-05,0,1,44.453206207033723,0.052832652783365575,-266.9366363451029,-44.489336321842131,-44.489339675294261,-0.036124802328103556,44.489336321842131,0,0
0.0019994499999921155,-2.1726861803017528,0.50964115416718414,-4.2632564145606011e-05,2.1726434340507694,5.3660970138480479,-1.283950723518501e-05,5.3915559945494351,-1.283950723518501e-05,5.3817151126622775,-1.283950723518501e-05,0,1,44.453266268563254,0.054315018841265328,-266.93918305174896,-44.48976103305796,-44.489764224457566,-0.036489398397691275,44.48976103305796,0,0
0.0019994549999921155,-2.231385394679819,0.47715400341985514,-4.1154635255225003e-05,2.2313440695143072,5.418522562194994,-1.1390000054234406e-05,5.4439818057971934,-1.1382894626876805e-05,5.4341408173286254,-1.1382894626876805e-05,0,1,44.453328318200988,0.055782570676086607,-266.94169357949175,-44.490179629268084,-44.490182837648817,-0.036845892544533854,44.490179629268084,0,0
0.0019994599999921155,-2.2894741960044485,0.44466654003372241,-4.1723069443833083e-05,2.2894323592481669,5.4697241154144649,-1.2612133559741778e-05,5.4951835863903398,-1.2612133559741778e-05,5.4853425055512162,-1.2605028132384177e-05,0,1,44.453392310656781,0.057234763607993955,-266.94416525422048,-44.490591845969796,-44.490594887625569,-0.03719406558889915,44.490591845969796,0,0
0.0019994649999921154,-2.3469391408070805,0.41217879243049538,-4.0358827391173691e-05,2.3468987251362705,5.5196799166878918,-1.1148415524075972e-05,5.5451396150374421,-1.1155520951433573e-05,5.5352984489331902,-1.1148415524075972e-05,0,1,44.453458199616186,0.058671458878450267,-266.94659798094682,-44.49099748467178,-44.49100054131064,-0.037533765375677319,44.49099748467178,0,0
0.0019994699999921154,-2.4037667571974453,0.37969073218846461,-4.0813574742060155e-05,2.4037258299358655,5.5683578779053278,-1.2349232747510541e-05,5.5938177894176988,-1.234212732015294e-05,5.5839765380483186,-1.234212732015294e-05,0,1,44.453525937756474,0.060092123004977793,-266.94898908966303,-44.491396284295448,-44.491399169643877,-0.03786477818109546,44.491396284295448,0,0
0.0019994749999921154,-2.4599438859240763,0.34720238772933953,-3.9449332689400762e-05,2.4599044081696775,5.6157369314746575,-1.0906830993917538e-05,5.6411970703607039,-1.0906830993917538e-05,5.6313557266207681,-1.0899725566559937e-05,0,1,44.453595476757883,0.061496624016172063,-266.95133851647415,-44.491788048668212,-44.491790947070143,-0.038186956173397846,44.491788048668212,0,0
0.0019994799999921153,-2.5154575098440546,0.31471378747482959,-3.9904080040287226e-05,2.5154175489205954,5.6617858206209348,-1.20579102258489e-05,5.6872461655643747,-1.20579102258489e-05,5.6774047294538832,-1.20579102258489e-05,0,1,44.453666767320072,0.062884439911698564,-266.95364359663216,-44.492172520355027,-44.492175243011197,-0.038500091249133561,44.492172520355027,0,0
0.0019994849999921153,-2.5702948676098458,0.28222487458151591,-3.8426151149906218e-05,2.5702563277718582,5.7064841101350794,-1.0615508472255897e-05,5.731944689557622,-1.0615508472255897e-05,5.7221031894982843,-1.0608403044898296e-05,0,1,44.45373975917331,0.064255445838767855,-266.95590429754333,-44.492549505739042,-44.492552239590722,-0.038804040081622304,44.492549505739042,0,0
0.0019994899999921153,-2.6244432262956252,0.24973573431452678,-3.8767211663071066e-05,2.6244042032885773,5.7498014029988553,-1.1738165994756855e-05,5.775262181373364,-1.1738165994756855e-05,5.7654205889434706,-1.1738165994756855e-05,0,1,44.453814401095457,0.065609131554339228,-266.95811796127731,-44.49291875125882,-44.492921305022648,-0.039098600361960223,44.49291875125882,0,0
0.0019994949999921153,-2.6778902224577905,0.21724628140873392,-3.751665644813329e-05,2.677852677379633,5.7917179390187812,-1.0309975095879054e-05,5.8171789376615379,-1.0302869668521453e-05,5.8073372599665163,-1.0302869668521453e-05,0,1,44.453890640923078,0.06694537964588676,-266.96028458671259,-44.493280066076224,-44.493282629252221,-0.039383633435200238,44.493280066076224,0,0
0.0019994999999921152,-2.7306235494961584,0.18475657270755619,-3.7857716961298138e-05,2.7305856065140688,5.8322042164604682,-1.1404210908949608e-05,5.8576654140551909,-1.1397105481592007e-05,5.8478236582004683,-1.1397105481592007e-05,0,1,44.453968425570523,0.06826369189172965,-266.9624015277949,-44.493633200669734,-44.493635579531045,-0.039658942894988058,44.493633200669734,0,0
0.0019995049999921152,-2.7826312987144775,0.15226660821099358,-3.637978807091713e-05,2.7825948052395688,5.8712411998840253,-9.9689145827142056e-06,5.8967025893252867,-9.9689145827142056e-06,5.8868607553108632,-9.9689145827142056e-06,0,1,44.454047701040793,0.069563958628947375,-266.96446881409872,-44.493977967208338,-44.49398035377601,-0.03992439492634503,44.493977967208338,0,0
0.0019995099999921152,-2.833901532994787,0.11977641634075553,-3.6834535421803594e-05,2.8338646131942369,5.9088002259954919,-1.1027623258996755e-05,5.9342618214941467,-1.1027623258996755e-05,5.9244199306363043,-1.1020517831639154e-05,0,1,44.454128412444142,0.070845693912161778,-266.9664838116434,-44.494314120455179,-44.49431631860007,-0.040179799210811495,44.494314120455179,0,0
0.0019995149999921151,-2.8844226562796393,0.087285997096842038,-3.5356606531422585e-05,2.8843872428296891,5.9448630338465591,-9.6065377874765545e-06,5.9703247998754705,-9.6065377874765545e-06,5.9604828308579272,-9.5994323601189535e-06,0,1,44.454210504010057,0.072108796126656216,-266.96844658262182,-44.49464147578027,-44.494643680005424,-0.040425026907179529,44.49464147578027,0,0
0.0019995199999921151,-2.9341832430418435,0.054795322057543672,-3.5697667044587433e-05,2.9341474316879612,5.9794018767433954,-1.0629719326971099e-05,6.0048638275134181,-1.0629719326971099e-05,5.9950217874416012,-1.0622613899613498e-05,0,1,44.454293919105965,0.073352791846048149,-266.97035450638219,-44.494959792450821,-44.49496180426685,-0.040659893942979863,44.494959792450821,0,0
0.0019995249999921151,-2.9831721235495934,0.022304419644569862,-3.4333424991928041e-05,2.9831377901246015,6.0123992113858549,-9.2157392828084994e-06,6.0378613397915615,-9.2157392828084994e-06,6.0280192357708984,-9.2086338554508984e-06,0,1,44.454378600250259,0.074577587791509359,-266.97220768030547,-44.495268889196311,-44.495270905547819,-0.040884276546840681,44.495268889196311,0,0
0.001999529999992115,-3.0313782701796299,-0.010186710142079392,-3.4674485505092889e-05,3.0313435672724154,6.0438282574182267,-1.0203393685515039e-05,6.069290577670472,-1.0196288258157438e-05,6.0594484097009627,-1.0196288258157438e-05,0,1,44.454464489131126,0.07578272328754565,-266.97400349729946,-44.49556853002008,-44.495570350101062,-0.041097997060695945,44.49556853002008,0,0
0.001999534999992115,-3.078790911104079,-0.042678067302404088,-3.3082869776990265e-05,3.0787577145474643,6.0736722602428017,-8.8036244960676413e-06,6.0991347226035941,-8.7965190687100403e-06,6.0892924764743839,-8.7965190687100403e-06,0,1,44.454551526619113,0.076968113666197269,-266.97574208941086,-44.495858537237893,-44.495860360393699,-0.041300936946520039,44.495858537237893,0,0
0.001999539999992115,-3.1253994734470325,-0.075169623414694797,-3.3423930290155113e-05,3.1253659358299046,6.1019053632094256,-9.7557517619861756e-06,6.1273679818896198,-9.7415409072709735e-06,6.1175256789169907,-9.7415409072709735e-06,0,1,44.454639652787094,0.078133311224803492,-266.97742086644996,-44.496138679759554,-44.496140302910291,-0.04149292506710367,44.496138679759554,0,0
0.001999544999992115,-3.1711936401279672,-0.10766137847895152,-3.1946001399774104e-05,3.1711616088614392,6.1285116075282531,-8.3559825725387782e-06,6.1539743896332766,-8.3559825725387782e-06,6.1441320298172286,-8.3488771451811772e-06,0,1,44.454728806923839,0.07927824016914542,-266.97903999730767,-44.496408783657273,-44.496410408508154,-0.041673848221826404,44.496408783657273,0,0
0.0019995499999921149,-3.2161633214400354,-0.14015333249517425,-3.2287061912938952e-05,3.2161309491129941,6.1534661028872506,-9.2654772743117064e-06,6.1789290342062486,-9.2583718469541054e-06,6.1690866033359271,-9.2654772743117064e-06,0,1,44.45481892755285,0.080402465978124837,-266.98059690643561,-44.496668622994477,-44.496670044236026,-0.041843541975516985,44.496668622994477,0,0
0.0019995549999921149,-3.2602985413632268,-0.17264545704165357,-3.0695446184836328e-05,3.2602677038084948,6.1767537147261464,-7.8870243669371121e-06,6.2022168094699737,-7.8870243669371121e-06,6.1923743430725153,-7.8728135122219101e-06,0,1,44.45490995244694,0.081505921983477947,-266.98209180262518,-44.496918027760444,-44.496919449414875,-0.042001898559782092,44.496918027760444,0,0
0.0019995599999921149,-3.3035897217814636,-0.20513775211838947,-3.1150193535722792e-05,3.3035585715879279,6.1983505830198737,-8.7680973592796363e-06,6.2238137914505387,-8.7609919319220353e-06,6.2139712682096615,-8.7609919319220353e-06,0,1,44.455001818648014,0.08258818704314308,-266.98352212721392,-44.497156777351023,-44.497157991924226,-0.042148760352425541,44.497156777351023,0,0
0.0019995649999921148,-3.3460273982655053,-0.23763021772538195,-2.9558577807620168e-05,3.3459977828442788,6.2182423476997428,-7.3825390245474409e-06,6.2437056982389549,-7.3825390245474409e-06,6.2338631252600862,-7.3825390245474409e-06,0,1,44.455094462480801,0.083649203853525478,-266.98488812742244,-44.497384705881906,-44.497385919670798,-0.042284025158757288,44.497384705881906,0,0
0.0019995699999921148,-3.3876023337597871,-0.27012288228434045,-2.97859514830634e-05,3.3875724625431758,6.2364061506059443,-8.2422957348171622e-06,6.2618696361482762,-8.2351903074595612e-06,6.252027013431416,-8.2280848801019602e-06,0,1,44.455187819573922,0.084688564837051672,-266.98618726495914,-44.497601598241722,-44.49760260161154,-0.042407542261649667,44.497601598241722,0,0
0.0019995749999921148,-3.4283056322692573,-0.30261566053013667,-2.8421709430404007e-05,3.4282772389815364,6.2528285056373534,-6.8709482548001688e-06,6.278292104866523,-6.8780536821577698e-06,6.2684494395170987,-6.8638428274425678e-06,0,1,44.455281824873509,0.085706222281999089,-266.98741982515503,-44.497807292866327,-44.497808294346683,-0.042519215164304569,44.497807292866327,0,0
0.0019995799999921147,-3.4681285399074113,-0.33510863772789889,-2.8649083105847239e-05,3.4680998908243055,6.2674875849211276,-7.680966973566683e-06,6.2929512765208528,-7.680966973566683e-06,6.2831085543280096,-7.680966973566683e-06,0,1,44.455376412664179,0.086701782348740153,-266.98858329057896,-44.498001580323717,-44.498002368183521,-0.04261890017195924,44.498001580323717,0,0
0.0019995849999921147,-3.5070625017397106,-0.36760170019078942,-2.7057467377744615e-05,3.507035387428914,6.280370755007425,-6.3238303482648917e-06,6.3058345460831333,-6.3167249209072907e-06,6.2959917954685807,-6.3167249209072907e-06,0,1,44.455471516583856,0.087675207130530453,-266.98967798776238,-44.498184303507429,-44.498185088465803,-0.042706506552818269,44.498184303507429,0,0
0.0019995899999921147,-3.5450993038921297,-0.40009490476222709,-2.7398527890909463e-05,3.5450719906293671,6.2914572040995154,-7.0983219302434009e-06,6.316921101756634,-7.0912165028857999e-06,6.3070783156149446,-7.0983219302434009e-06,0,1,44.45556706964522,0.088626116687692047,-266.99070142169808,-44.498355258836703,-44.498355827111205,-0.042781897734279539,44.498355258836703,0,0
0.0019995949999921147,-3.5822309598643187,-0.43258822302050248,-2.5806912162806839e-05,3.5822051245304465,6.3007351869259764,-5.7482907322992105e-06,6.3261991698482234,-5.7411853049416095e-06,6.3163563339685425,-5.7411853049416095e-06,0,1,44.455663004249274,0.089554483119002271,-266.99165395727948,-44.498514293887929,-44.498514858344834,-0.042844988903468106,44.498514293887929,0,0
0.0019995999999921146,-3.6184496821078938,-0.46508168338732503,-2.6034285838250071e-05,3.6184236194003461,6.3081849575041815,-6.4872551774897147e-06,6.3336490327969841,-6.4872551774897147e-06,6.3238061756010211,-6.4943606048473157e-06,0,1,44.45575925220772,0.09045994053357731,-266.99253312521006,-44.498661211062661,-44.498661555911944,-0.042895650669983354,44.498661211062661,0,0
0.0019996049999921146,-3.6537478536047274,-0.49757522901927587,-2.4556356947869062e-05,3.653723325669489,6.3137956303194187,-5.1585402616183273e-06,6.3392597979827769,-5.1514348342607263e-06,6.3294169123651045,-5.1514348342607263e-06,0,1,44.455855744757585,0.091342471224407973,-266.99333933060871,-44.498795862753042,-44.49879620296521,-0.042933804199826398,44.498795862753042,0,0
0.0019996099999921146,-3.6881183120840433,-0.530068859916355,-2.4670043785590678e-05,3.6880935851968388,6.317548546519447,-5.8619775700208265e-06,6.3430127781316514,-5.8619775700208265e-06,6.3331698569868422,-5.8548721426632255e-06,0,1,44.455952412582405,0.092201723485487719,-266.99407012827567,-44.498918057565859,-44.498918175388958,-0.042959327434907379,44.498918057565859,0,0
0.0019996149999921145,-3.7215539521184837,-0.56256257607856242,-2.3078428057488054e-05,3.7215307600035885,6.3194337229788289,-4.5332626541494392e-06,6.3448979972235975,-4.5332626541494392e-06,6.3350550547625062,-4.5261572267918382e-06,0,1,44.456049185827979,0.09303768997861539,-266.99472596641897,-44.499027652820629,-44.499027765284481,-0.042972147558927531,44.499027652820629,0,0
0.0019996199999921145,-3.7540479809194949,-0.5950563490841887,-2.3419488570652902e-05,3.7540246466960525,6.319433566659427,-5.2082782531215344e-06,6.3448978977476145,-5.2011728257639334e-06,6.3350549268648138,-5.2011728257639334e-06,0,1,44.456145994124469,0.093850033307319336,-266.99530442624632,-44.49912446346773,-44.499124350904417,-0.042972149909694224,44.49912446346773,0,0
0.0019996249999921145,-3.7855939183373266,-0.6275502357766527,-2.1714186004828662e-05,3.7855720620427746,6.3175389826142236,-3.893774191965349e-06,6.3430033563349753,-3.90087961932295e-06,6.3331603712413198,-3.886668764607748e-06,0,1,44.456242766601378,0.094638756662646983,-266.99580599762214,-44.499208351934293,-44.499208233388877,-0.042959267793932554,44.499208351934293,0,0
0.0019996299999921145,-3.8161853979090665,-0.66004415089082613,-2.1941559680271894e-05,3.8161634279276768,6.3137335075680312,-4.5332626541494392e-06,6.3391979381322017,-4.5332626541494392e-06,6.3293549388276915,-4.5332626541494392e-06,0,1,44.456339431910003,0.095403537068648347,-266.99622828979068,-44.499279139656601,-44.499278793590662,-0.042933394013090265,44.499279139656601,0,0
0.0019996349999921144,-3.8458164510757342,-0.69253812284841842,-2.0349943952169269e-05,3.8457959874449443,6.3080089489631064,-3.2329694477084558e-06,6.3334734150544136,-3.2258640203508548e-06,6.3236303944336214,-3.2258640203508548e-06,0,1,44.456435918238313,0.0961443883949471,-266.99657183424699,-44.499336694318174,-44.499336341747707,-0.042894468070912239,44.499336694318174,0,0
0.0019996399999921144,-3.874481222965187,-0.72503209480601072,-2.0463630789890885e-05,3.8744606456475594,6.3003499377600747,-3.844036200462142e-06,6.325814425167664,-3.82982534574694e-06,6.3159713974414444,-3.82982534574694e-06,0,1,44.456532153333413,0.096861002183914024,-266.99683426886384,-44.499380843991744,-44.499380261553611,-0.042842390308400979,44.499380843991744,0,0
0.0019996449999921144,-3.9021742850309238,-0.75752612360702187,-1.8985701899509877e-05,3.9021551856421866,6.2907492264230314,-2.5508484213787597e-06,6.3162137138306207,-2.5508484213787597e-06,6.3063706932098285,-2.5366375666635577e-06,0,1,44.456628064517858,0.097553403118979531,-266.99701617025681,-44.499411461712512,-44.499410872348008,-0.042777106445427648,44.499411461712512,0,0
0.0019996499999921143,-3.9288902371481527,-0.79002018082974246,-1.9099388737231493e-05,3.9288710524942871,6.2791925330429876,-3.1192826099868398e-06,6.304657041766859,-3.1050717552716378e-06,6.2948139998297847,-3.1050717552716378e-06,0,1,44.456723578711731,0.098221297345361336,-266.99711520464444,-44.499428382348427,-44.499427560917027,-0.042698524444162445,44.499428382348427,0,0
0.0019996549999921143,-3.9546241623611422,-0.82251423805246304,-1.7621459846850485e-05,3.9546064840578765,6.2656735408950226,-1.8332002582610585e-06,6.2911380638297487,-1.8260948309034575e-06,6.2812950432089565,-1.8260948309034575e-06,0,1,44.456818622448502,0.098864720481628865,-266.9971319930371,-44.499431484421592,-44.499430655743552,-0.042606596299549437,44.499431484421592,0,0
0.0019996599999921143,-3.9793712574009987,-0.8550082668534742,-1.7735146684572101e-05,3.9793534938326047,6.25017909072767,-2.3661073100811336e-06,6.2756436065569687,-2.3661073100811336e-06,6.2658005788307491,-2.3518964553659316e-06,0,1,44.456913121897365,0.09948339334874845,-266.99706423110342,-44.499420609729114,-44.499419546933908,-0.042501237652658119,44.499420609729114,0,0
0.0019996649999921142,-4.0031270032159227,-0.88750232407619478,-1.6257217794191092e-05,4.0031107175764191,6.2327038179432748,-1.1013412404281553e-06,6.2581683195617188,-1.1013412404281553e-06,6.2483252989409266,-1.0942358130705543e-06,0,1,44.457007002879379,0.10007736260834577,-266.99691258542288,-44.499395642403179,-44.499394572143387,-0.042382406819982066,44.499395642403179,0,0
0.0019996699999921142,-4.025887221814628,-0.91999632445549651,-1.6257217794191092e-05,4.0258708793317055,6.2132356859478932,-1.6058265828178264e-06,6.2387001662500552,-1.5987211554602254e-06,6.2288571598401177,-1.5987211554602254e-06,0,1,44.457100190890586,0.10064636381608238,-266.99667478341951,-44.499356431258519,-44.499355124980454,-0.042250027132240575,44.499356431258519,0,0
0.0019996749999921142,-4.0476478488926659,-0.9524902964130888,-1.4779288903810084e-05,4.0476330127603433,6.1917702609548542,-3.5527136788005009e-07,6.217234698624452,-3.4816594052244909e-07,6.2073917064253692,-3.4816594052244909e-07,0,1,44.45719261111735,0.10119045477063082,-266.99635153548309,-44.499302866182056,-44.499301552324987,-0.042104063294445382,44.499302866182056,0,0
0.0019996799999921142,-4.06840521804952,-0.98498423994897166,-1.48929757415317e-05,4.0683902966520691,6.1682966503440184,-8.1712414612411521e-07,6.1937610666973342,-8.1712414612411521e-07,6.1839180887091061,-8.1001871876651421e-07,0,1,44.4572841884602,0.10170938580924371,-266.99594060338552,-44.499234803116906,-44.499233251490296,-0.041944446360055565,44.499234803116906,0,0
0.0019996849999921141,-4.0881558334149304,-1.0174780982197262,-1.3415046851150692e-05,4.0881424183680792,6.1428113511396987,4.1211478674085811e-07,6.1682757248604503,4.1922021409845911e-07,6.1584327610830769,4.1922021409845911e-07,0,1,44.457374847549019,0.1022032259476191,-266.99544274098866,-44.4991521378154,-44.499150578599455,-0.041771147455037294,44.4991521378154,0,0
0.0019996899999921141,-4.1068965117574407,-1.0499719280687714,-1.3301360013429075e-05,4.1068830398671707,6.1153046431172697,-1.4210854715202004e-08,6.1407689315728931,-2.1316282072803006e-08,6.1309259962172291,-7.1054273576010019e-09,0,1,44.457464512766109,0.10267174033725723,-266.99485574352821,-44.499054733477841,-44.499052934891836,-0.041584105407089567,44.499054733477841,0,0
0.0019996949999921141,-4.1246242687975609,-1.0824656726526882,-1.1823431123048067e-05,4.1246123032578907,6.0857739399011734,1.2150280781497713e-06,6.11123819282966,1.2150280781497713e-06,6.1013952787902781,1.2079226507921703e-06,0,1,44.457553108263212,0.10311500927917905,-266.99418041258809,-44.498942491765789,-44.498940685683451,-0.041383297728636137,44.498942491765789,0,0
0.001999699999992114,-4.1413364897380234,-1.1149593035497674,-1.1937117960769683e-05,4.1413244673549343,6.0542106581351618,8.1001871876651421e-07,6.07967482579852,8.1712414612411521e-07,6.0698319401808476,8.1001871876651421e-07,0,1,44.457640557983808,0.10353281275845916,-266.99341457570006,-44.498815283274396,-44.498813236373536,-0.041168671079937269,44.498815283274396,0,0
0.001999704999992114,-4.1570307018901076,-1.1474528491817182,-1.0345502232667059e-05,4.1570201858576183,6.0206131990980793,2.0179413695586845e-06,6.0460772672854546,2.0250467969162855e-06,6.0362344029840642,2.0250467969162855e-06,0,1,44.457726785678865,0.1039252424141921,-266.99255907994899,-44.498673015713365,-44.49867096151339,-0.040940209421300722,44.498673015713365,0,0
0.001999709999992114,-4.1717047736256063,-1.1799462811268313,-1.0459189070388675e-05,4.1716942007496982,5.9849740949857733,1.6555645743210334e-06,6.0104380636971655,1.6555645743210334e-06,6.0005952349229119,1.6555645743210334e-06,0,1,44.457811714931154,0.10429209307230281,-266.99161179029653,-44.498515567091815,-44.498513270775987,-0.040697867186565873,44.498515567091815,0,0
0.0019997149999921139,-4.1853568006899877,-1.2124395993851067,-8.9812601800076663e-06,4.1853477625863889,5.947292699204354,2.8492763703980017e-06,5.9727565968614726,2.8492763703980017e-06,5.9629138036143559,2.8563817977556027e-06,0,1,44.45789526917131,0.10463346774960769,-266.99057359984869,-44.498342851253689,-44.498340547940188,-0.040441634789679881,44.498342851253689,0,0
0.0019997199999921139,-4.1979851630458143,-1.2449328039565444,-8.9812601800076663e-06,4.197976096520506,5.9075627092397553,2.5224267119483557e-06,5.9330264932100363,2.5224267119483557e-06,5.9231837425954836,2.5224267119483557e-06,0,1,44.457977371700139,0.10494917610614607,-266.98944240733982,-44.498154753780938,-44.498152207206857,-0.040171474518096772,44.498154753780938,0,0
0.0019997249999921139,-4.2095884680293238,-1.2774258379977255,-7.503331289626658e-06,4.2095808510111965,5.8657844093090716,3.680611371237319e-06,5.8912480795925148,3.68771679859492e-06,5.8814053858213811,3.68771679859492e-06,0,1,44.458057945704851,0.1052393325635137,-266.98821915298674,-44.497951194709927,-44.497948641543573,-0.039887383220666095,44.497951194709927,0,0
0.0019997299999921139,-4.2201656356155581,-1.3099187299303594,-7.503331289626658e-06,4.2201580185974308,5.8219526479774686,3.3821834222180769e-06,5.8474162045740741,3.3963942769332789e-06,5.8375735534355044,3.3892888495756779e-06,0,1,44.458136914282946,0.10550376159591224,-266.98690177316485,-44.497732067238147,-44.497729269818407,-0.039589331002552797,44.497732067238147,0,0
0.0019997349999921138,-4.2297158131532342,-1.3424114513327368,-6.1390892369672656e-06,4.2297096456422878,5.7760687042218706,4.5403680815070402e-06,5.8015321044990742,4.5474735088646412e-06,5.7916894959930687,4.5545789362222422e-06,0,1,44.458214200457533,0.10574258904247813,-266.98549125334279,-44.497497297697251,-44.497494494194861,-0.039277321171013568,44.497497297697251,0,0
0.0019997399999921138,-4.2382383753647446,-1.3749039737831481,-6.1390892369672656e-06,4.238232264697217,5.7281285137378291,4.2845726966334041e-06,5.7535917790119129,4.2845726966334041e-06,5.7437492344547536,4.2845726966334041e-06,0,1,44.458289727201503,0.10595565415871988,-266.98398556917942,-44.497246786954726,-44.497243738357867,-0.038951331624708985,44.497246786954726,0,0
0.0019997449999921138,-4.2457330948764138,-1.4073963541250123,-4.5474735088646412e-06,4.2457284052943578,5.6781343147349617,5.4214410738495644e-06,5.7035974236896436,5.4285465012071654e-06,5.6937549288704759,5.4285465012071654e-06,0,1,44.45836341745315,0.10614309420026302,-266.98238575181381,-44.496980467697661,-44.496977413631569,-0.038611372110196385,44.496980467697661,0,0
0.0019997499999921137,-4.2521998011579853,-1.439888507093201,-4.6611603465862572e-06,4.2521951399976388,5.6260832081989065,5.1940673984063324e-06,5.6515461537287592,5.1940673984063324e-06,5.6417037228584377,5.1940673984063324e-06,0,1,44.458435194139028,0.10630476315895976,-266.98068981434051,-44.49669824857348,-44.49669494872407,-0.038257428351244016,44.49669824857348,0,0
0.0019997549999921137,-4.2576387784265535,-1.4723804611094238,-3.0695446184836328e-06,4.2576355383516784,5.5719783631502651,6.3167249209072907e-06,5.5974411452552886,6.3167249209072907e-06,5.5875987854392406,6.3238303482648917e-06,0,1,44.458504980190256,0.10644080969248648,-266.97889883544872,-44.496400068651333,-44.496396764048981,-0.037889516482714214,44.496400068651333,0,0
0.0019997599999921137,-4.2620504245860502,-1.5048721593302616,-3.0695446184836328e-06,4.262047241354594,5.5158180529701895,6.1248783822520636e-06,5.5412806432286743,6.1248783822520636e-06,5.5314383544668999,6.1248783822520636e-06,0,1,44.458572698565867,0.10655110246989352,-266.9770108671006,-44.496085844403645,-44.496082293480818,-0.037507630019725013,44.496085844403645,0,0
0.0019997649999921136,-4.2654355070226302,-1.5373636301774241,-1.7053025658242404e-06,4.2654337732983549,5.4576063419631282,7.2262196226802189e-06,5.4830687616913565,7.2333250500378199e-06,5.4732265439838557,7.2333250500378199e-06,0,1,44.458638272268509,0.10663580152399277,-266.97502703455734,-44.495755521353374,-44.495751966496655,-0.03711179147852306,44.495755521353374,0,0
0.0019997699999921136,-4.267794992074414,-1.569854873650911,-1.7053025658242404e-06,4.2677932583501388,5.3973426616948927,7.0556893660977948e-06,5.4228048682603003,7.0699002208129968e-06,5.4129627287125004,7.0699002208129968e-06,0,1,44.458701624367357,0.1066947901293247,-266.97294542856645,-44.495409023854826,-44.49540522229178,-0.036702002144807011,44.495409023854826,0,0
0.0019997749999921136,-4.2691301302966167,-1.6023458613290131,-1.1368683772161603e-07,4.2691298460795224,5.3350320214917701,8.1499251791683491e-06,5.360494014894357,8.1428197518107481e-06,5.350651953506258,8.1570306065259501e-06,0,1,44.458762678013763,0.10672823965259681,-266.97076722087706,-44.495046303935901,-44.495042499360231,-0.036278290890116693,44.495046303935901,0,0
0.0019997799999921136,-4.2694423427747097,-1.6348365647900209,-2.2737367544323206e-07,4.2694421154010342,5.2706749826825217,8.0078166320163291e-06,5.2961367558168604,8.0078166320163291e-06,5.2862947939047444,8.0149220593739301e-06,0,1,44.458821356465336,0.10673604789047886,-266.96849054446682,-44.494667293825806,-44.494663242307816,-0.035840666685487577,44.494667293825806,0,0
0.0019997849999921135,-4.2687335337632248,-1.6673269840339344,1.1368683772161603e-06,4.2687346990533115,5.2042774782989909,9.0807361630140804e-06,5.2297390311650815,9.0878415903716814e-06,5.2198971403072392,9.0878415903716814e-06,0,1,44.458877583100545,0.10671839748937373,-266.96611661525793,-44.494271952117629,-44.494267898610161,-0.035389164739605405,44.494271952117629,0,0
0.0019997899999921135,-4.2670055506732751,-1.6998171190607536,1.2505552149377763e-06,4.2670067728067806,5.1358411923274616,8.9741547526500653e-06,5.1613025178198768,8.9812601800076663e-06,5.1514607264380174,8.9812601800076663e-06,0,1,44.458931281441807,0.10667520066979819,-266.96364360726369,-44.493860218999998,-44.493855918464305,-0.034923801716999492,44.493860218999998,0,0
0.0019997949999921135,-4.2642607525067433,-1.7323069414487691,2.7284841053187847e-06,4.2642633957257203,5.065373002821616,1.0025758001575014e-05,5.090834086729501,1.0032863428932615e-05,5.0809923877181973,1.0039968856290216e-05,0,1,44.458982375171502,0.10660665129174163,-266.96107278373563,-44.493432059599279,-44.493427758196894,-0.03444461905477425,44.493432059599279,0,0
0.0019997999999921134,-4.2605016403740592,-1.7647964511979808,2.8421709430404007e-06,4.2605043404364551,4.9928757022144055,9.9475983006414026e-06,5.018336537432333,9.9618091553566046e-06,5.0084949450024396,9.9618091553566046e-06,0,1,44.459030788154237,0.10651267589057056,-266.95840235857486,-44.492987422108314,-44.492982873741596,-0.03395164107837445,44.492987422108314,0,0
0.0019998049999921134,-4.255730999602747,-1.7972856198866793,4.2064129956997931e-06,4.2557350639071956,4.9183570638433594,1.0977885267493548e-05,4.9438176290550473,1.099209612220875e-05,4.9339761218902822,1.0984990694851149e-05,0,1,44.459076444451952,0.10639347946010957,-266.95563364070699,-44.492526278243567,-44.492521730232184,-0.033444915434550637,44.492526278243567,0,0
0.0019998099999921134,-4.2499518428940064,-1.8297744190931553,4.2064129956997931e-06,4.2499559356201644,4.8418210170098064,1.0942358130705543e-05,4.8672813051098274,1.0956568985420745e-05,4.8574399116319,1.0949463558063144e-05,0,1,44.459119268347393,0.10624900272819104,-266.9527648874066,-44.492048584166383,-44.492043789402175,-0.032924473997972825,44.492048584166383,0,0
0.0019998149999921134,-4.2431674387444218,-1.8622629056608275,5.5706550483591855e-06,4.2431729525560513,4.7632762587568322,1.1951328815484885e-05,4.7887362697451863,1.1951328815484885e-05,4.7788949899540967,1.1965539670200087e-05,0,1,44.459159184359486,0.10607946172865468,-266.94979745368767,-44.491554318197046,-44.491549525108439,-0.032390370561302007,44.491554318197046,0,0
0.0019998199999921133,-4.2353813114459626,-1.8947510227462772,5.5706550483591855e-06,4.235386882101011,4.6827277699890146,1.1937117960769683e-05,4.7081874754439923,1.1951328815484885e-05,4.6983463093397404,1.1951328815484885e-05,0,1,44.459196117264455,0.10588481124830196,-266.94672963578898,-44.491043444550471,-44.491038405068537,-0.031842644558253141,44.491043444550471,0,0
0.0019998249999921133,-4.2265972410859831,-1.9272387419277948,7.0485839387401938e-06,4.2266041759830841,4.6001851643495684,1.2924772363476222e-05,4.6256445855874517,1.2931877790833823e-05,4.6158035189591828,1.2938983218191424e-05,0,1,44.459229992111787,0.10566527825659477,-266.94356283690479,-44.490515948115956,-44.490510911725877,-0.031281355819004375,44.490515948115956,0,0
0.0019998299999921133,-4.2168192635472224,-1.9597260632053803,7.0485839387401938e-06,4.2168262268660328,4.5156545454005936,1.2960299500264227e-05,4.5411136539996733,1.2953194072906626e-05,4.5312727365853789,1.2960299500264227e-05,0,1,44.459260734246811,0.10542083145233505,-266.94029539557999,-44.48997180112552,-44.489966518847552,-0.030706551224156442,44.48997180112552,0,0
0.0019998349999921132,-4.2060516420860949,-1.9922130150007433,8.5265128291212022e-06,4.2060599696469581,4.4291463794365882,1.3926637620897964e-05,4.4546051611860094,1.3933743048255565e-05,4.444764343247698,1.3933743048255565e-05,0,1,44.459288269324318,0.10515170862245782,-266.93692875817948,-44.489410995105743,-44.489405717431964,-0.030118296635045283,44.489410995105743,0,0
0.0019998399999921132,-4.1942988673326909,-2.0246995120487554,8.4128259913995862e-06,4.1943072801586823,4.3406678500446105,1.3976375612401171e-05,4.3661262907335185,1.3976375612401171e-05,4.3562855935874722,1.3976375612401171e-05,0,1,44.459312523331519,0.10485789221996811,-266.9334613074148,-44.48883351028249,-44.488827987370456,-0.029516646283127557,44.48883351028249,0,0
0.0019998449999921132,-4.1815657141341944,-2.0571856111928355,9.7770680440589786e-06,4.1815754627805291,4.2502303116975781,1.4914292023604503e-05,4.275688411325973,1.4928502878319705e-05,4.2658478562884738,1.4921397450962104e-05,0,1,44.459333422602853,0.10453963071918793,-266.92989453551422,-44.488239344768559,-44.488233828066896,-0.028901671935393836,44.488239344768559,0,0
0.0019998499999921131,-4.1678571847114654,-2.0896712555895647,9.7770680440589786e-06,4.1678669617795094,4.1578420137966532,1.4999557151895715e-05,4.1832997652591075,1.5006662579253316e-05,4.1734593452247282,1.5013768006610917e-05,0,1,44.459350893841382,0.10419692015653936,-266.92622686654477,-44.487628486814366,-44.487622725667343,-0.028273435130969915,44.487628486814366,0,0
0.0019998549999921131,-4.1531785086590389,-2.122156445238943,1.1141310096718371e-05,4.1531896215474262,4.0635151705714634,1.5923262708383845e-05,4.0889725454462678,1.5930368135741446e-05,4.0791322604150082,1.5930368135741446e-05,0,1,44.459364864132667,0.10383001955239024,-266.92245983679891,-44.487000941128066,-44.486995187890294,-0.027632013480229034,44.487000941128066,0,0
0.0019998599999921131,-4.1375351429451257,-2.1546411801409704,1.1368683772161603e-05,4.1375463126769318,3.9672590759209925,1.602984411874786e-05,3.9927161097352837,1.602984411874786e-05,3.9828759739179986,1.6036949546105461e-05,0,1,44.459375260967597,0.1034389383443397,-266.91859191566499,-44.486356703912882,-44.486350707163702,-0.026977475686209118,44.486356703912882,0,0
0.0019998649999921131,-4.1209328287550306,-2.1871254318739375,1.2619238987099379e-05,4.1209453058854706,3.8690868109370058,1.6932233393163187e-05,3.8945434539527923,1.6939338820520788e-05,3.8847034531386271,1.6939338820520788e-05,0,1,44.459382012255354,0.10302394594523889,-266.91462468127946,-44.485695786473535,-44.485689799423497,-0.026309905131370215,44.485695786473535,0,0
0.001999869999992113,-4.1033774778043153,-2.2196091720161348,1.2619238987099379e-05,4.1033900401998835,3.7690087069108813,1.7074341940315207e-05,3.7944649733390179,1.7074341940315207e-05,3.7846251430551092,1.7074341940315207e-05,0,1,44.459385046345034,0.10258506500127851,-266.91055664685581,-44.485018192971566,-44.485011963484112,-0.025629377617825355,44.485018192971566,0,0
0.001999874999992113,-4.0848753144473449,-2.2520924289892719,1.3869794202037156e-05,4.084889127398128,3.6670386620585305,1.7948309505300131e-05,3.6924945163718803,1.7962520360015333e-05,3.6826548281965188,1.7955414932657732e-05,0,1,44.459384292039502,0.10212257515098599,-266.90638943424904,-44.484323941237925,-44.484317723328068,-0.024935982159760783,44.484323941237925,0,0
0.001999879999992113,-4.065432648303613,-2.2845752027933486,1.3983481039758772e-05,4.0654465749412338,3.5631880592745802,1.8118839761882555e-05,3.5886435227894253,1.8118839761882555e-05,3.5788039838280383,1.8125945189240156e-05,0,1,44.459379678616749,0.10163651204521784,-266.90212160057388,-44.483613043361906,-44.483606584226685,-0.024229801557098085,44.483613043361906,0,0
0.0019998849999921129,-4.045056243739964,-2.3170574365849461,1.5120349416974932e-05,4.0450713925110904,3.4574715925828059,1.8978596472152276e-05,3.4829266226665823,1.8978596472152276e-05,3.4730872542354518,1.8985701899509877e-05,0,1,44.459371135843028,0.1011271653715653,-266.89775481023986,-44.482885523680906,-44.482879078088871,-0.023510930366285265,44.482885523680906,0,0
0.0019998899999921129,-4.0237528651232424,-2.349539101942355,1.5347723092418164e-05,4.0237680707377876,3.3499016538485193,1.9177548438165104e-05,3.3753562576066543,1.9184653865522705e-05,3.3655170383894983,1.9184653865522705e-05,0,1,44.459358593993457,0.10059458356980144,-266.89328766289947,-44.482141402181711,-44.482134716712608,-0.022779458286592558,44.482141402181711,0,0
0.0019998949999921129,-4.0015296747242246,-2.3820202557089942,1.659827830735594e-05,4.0015461593156942,3.2404937329033601,2.000177801164682e-05,3.2659479103358535,2.0008883439004421e-05,3.2561088758598089,2.0008883439004421e-05,0,1,44.45934198386594,0.10003906618862857,-266.88872186763172,-44.481380709630528,-44.481374039754542,-0.022035485270855304,44.481380709630528,0,0
0.0019998999999921128,-3.9783938632353966,-2.4145008126197354,1.6711965145077556e-05,3.9784104046702851,3.1292612518996066,2.0229151687090052e-05,3.1547149887956039,2.0236257114447653e-05,3.1448761390606705,2.0236257114447653e-05,0,1,44.459321236801173,0.099460674230783752,-266.88405606614839,-44.480603473883541,-44.48059656561351,-0.021279107821115417,44.480603473883541,0,0
0.0019999049999921128,-3.9543531045183045,-2.4469808295179973,1.7848833522293717e-05,3.9543708680866985,3.0162204609496257,2.1032064978498966e-05,3.04167372178199,2.1046275833214168e-05,3.0318350354718859,2.1039170405856567e-05,0,1,44.459296284694886,0.098859716906702033,-266.87929200827131,-44.479809732120408,-44.479802841576316,-0.020510431205060797,44.479809732120408,0,0
0.0019999099999921128,-3.9294150440127851,-2.4794602211386518,1.7962520360015333e-05,3.9294328360028885,2.9013857414383892,2.1280754936015001e-05,2.92683855462883,2.1287860363372602e-05,2.9170000530598372,2.1287860363372602e-05,0,1,44.459267060019087,0.098236267545615874,-266.87442838141442,-44.478999519957938,-44.478992392634282,-0.019729558553109428,44.478999519957938,0,0
0.0019999149999921128,-3.9035876966408978,-2.5119390443251177,1.9099388737231493e-05,3.9036067107645067,2.7847741321807007,2.2069457372708712e-05,2.8102264764129359,2.2069457372708712e-05,2.8003881595850544,2.2076562800066313e-05,0,1,44.459233495834198,0.097590644809400828,-266.86946697599893,-44.478172880932789,-44.478165773548497,-0.018936600324465758,44.478172880932789,0,0
0.0019999199999921127,-3.8768791910115397,-2.5444172422339761,1.9326762412674725e-05,3.876898233556858,2.6664009666887978,2.233946361229755e-05,2.6918528348574,2.2346569039655151e-05,2.6820146956652025,2.2346569039655151e-05,0,1,44.459195525808255,0.096922934107567471,-266.86440652133689,-44.477329858416041,-44.477322515997066,-0.01813166620681983,44.477329858416041,0,0
0.0019999249999921127,-3.8492979115289927,-2.5768948432869365,2.0349943952169269e-05,3.849318204629526,2.5462840227419292,2.3099744339560857e-05,2.5717354148468985,2.3106849766918458e-05,2.5618974675012396,2.3113955194276059e-05,0,1,44.459153084229897,0.096233463333447844,-266.85924885038446,-44.476470502196825,-44.476463182008132,-0.01731487168290613,44.476470502196825,0,0
0.0019999299999921127,-3.8208525268146332,-2.60937179064058,2.0463630789890885e-05,3.8208728199151665,2.424439593085026,2.34052777159377e-05,2.4498904735992255,2.3412383143295301e-05,2.4400527252055326,2.3412383143295301e-05,0,1,44.459106106027249,0.095522329719472054,-266.85399273425924,-44.475594863329491,-44.475587309978906,-0.016486332862655217,44.475594863329491,0,0
0.0019999349999921126,-3.7915517623332562,-2.641848112716616,2.1600499167107046e-05,3.7915732491455856,2.3008861589346452,2.4137136733770603e-05,2.3263364994363656,2.4144242161128204e-05,2.3164989499946387,2.4137136733770603e-05,0,1,44.459054526779433,0.094789870159928569,-266.84864004552406,-44.474702997820941,-44.474695469067534,-0.015646170155349637,44.474702997820941,0,0
0.0019999399999921126,-3.7614046277667512,-2.6743237242499163,2.1600499167107046e-05,3.7614261714224995,2.175640929635847,2.4478197246935451e-05,2.2010907656522249,2.4478197246935451e-05,2.1912534151624641,2.4485302674293052e-05,0,1,44.458998282736594,0.094036193444594574,-266.84318960010557,-44.473794964278589,-44.47378720436037,-0.014794505901065236,44.473794964278589,0,0
0.0019999449999921126,-3.7304203885923926,-2.7067987105056091,2.2737367544323206e-05,3.730443069116518,2.0487231040533516,2.5167423700622749e-05,2.0741724000572503,2.5181634555337951e-05,2.0643352485194555,2.5181634555337951e-05,0,1,44.458937310830834,0.093261645227528334,-266.83764330893774,-44.472870824865822,-44.472863091985189,-0.013931465311884494,44.472870824865822,0,0
0.0019999499999921126,-3.6986083671308734,-2.7392730430619849,2.2851054382044822e-05,3.6986310476549988,1.9201508010269208,2.5536905923218001e-05,1.9455995712291951,2.5544011350575602e-05,1.9357626115379389,2.5544011350575602e-05,0,1,44.458871548694717,0.092466345579879317,-266.83200003022876,-44.471930645701136,-44.471922683775617,-0.01305717685562513,44.471930645701136,0,0
0.0019999549999921125,-3.6659781983416906,-2.7717466366539156,2.3874235921539366e-05,3.6660020441559027,1.7899438802260192,2.6204816094832495e-05,1.8153920890995323,2.6226132376905298e-05,1.8055553567819516,2.6226132376905298e-05,0,1,44.458800934672311,0.091650648666188772,-266.82626171361761,-44.470974494990628,-44.470966562613526,-0.012171770374443724,44.470974494990628,0,0
0.0019999599999921125,-3.6325396308711788,-2.80421954812482,2.4101609596982598e-05,3.6325635051071004,1.6581213415634011,2.659561459950055e-05,1.6835689891081529,2.6602720026858151e-05,1.6737324628479655,2.6602720026858151e-05,0,1,44.458725407837427,0.090814685553937124,-266.82042725953556,-44.470002446275728,-44.469994287093613,-0.011275380316959627,44.470002446275728,0,0
0.0019999649999921125,-3.598302697582767,-2.8366917206312792,2.5011104298755527e-05,3.5983277086870658,1.5247037197241298,2.7249313916399842e-05,1.5501508201509751,2.7256419343757443e-05,1.540314499948181,2.7263524771115044e-05,0,1,44.458644908004501,0.08995881865880051,-266.81449865612916,-44.469014573710311,-44.469006446655143,-0.010368141002089715,44.469014573710311,0,0
0.0019999699999921124,-3.5632775450267218,-2.8691631825950026,2.5011104298755527e-05,3.5633025561310205,1.3897108530613878,2.76614287031407e-05,1.4151573708431897,2.7654323275783099e-05,1.4053212922249259,2.76614287031407e-05,0,1,44.458559375746248,0.089083189750937208,-266.80847484525043,-44.468010958166673,-44.468002606663759,-0.0094501927095649307,44.468010958166673,0,0
0.0019999749999921124,-3.5274745187052758,-2.9016339055942808,2.6261659513693303e-05,3.527500609834533,1.2531639370649827,2.8286706310609588e-05,1.2786098935180235,2.8286706310609588e-05,1.268774042273435,2.8286706310609588e-05,0,1,44.458468752403796,0.088188169228203606,-266.80235785212273,-44.466991679658236,-44.466983362925902,-0.008521674090502529,44.466991679658236,0,0
0.0019999799999921124,-3.4909041346509184,-2.9341038896291138,2.6147972675971687e-05,3.490930254201885,1.1150836201068159,2.8713031952065649e-05,1.1405289797039586,2.872013737942325e-05,1.130693362938473,2.8713031952065649e-05,0,1,44.45837298010396,0.08727390926239309,-266.79614665986833,-44.465956826287119,-44.46594828757889,-0.0075827310995393304,44.465956826287119,0,0
0.0019999849999921123,-3.4535771078481048,-2.9665731062777922,2.7284841053187847e-05,3.4536043074240297,0.97549171584887517,2.9302782422746532e-05,1.0009364714846924,2.9309887850104133e-05,0.99110108209288228,2.9309887850104133e-05,0,1,44.458272001768648,0.086340787956658005,-266.78984332918105,-44.464906483833147,-44.464897982601471,-0.006633506572775616,44.464906483833147,0,0
0.0019999899999921123,-3.4155043238115468,-2.9990414986968972,2.7284841053187847e-05,3.4155314949657622,0.83440971820891718,2.9771740628348198e-05,0.85985385567255435,2.9771740628348198e-05,0.85001870075984698,2.9771740628348198e-05,0,1,44.458165761132726,0.085388967573095442,-266.78344688626402,-44.463840747481676,-44.463832026856871,-0.0056741519392318196,44.463840747481676,0,0
0.0019999949999921123,-3.3766968385862128,-3.0315091521515569,2.8308022592682391e-05,3.3767250613436772,0.69185997375598163,3.0340174816956278e-05,0.71730349304743868,3.0347280244313879e-05,0.70746857261383411,3.0347280244313879e-05,0,1,44.45805420275277,0.084418833635737656,-266.77695942590032,-44.462759708678945,-44.462751028296537,-0.0047048140662013793,44.462759708678945,0,0
0.0019999999999921123,-3.337165878747328,-3.063976038220062,2.8308022592682391e-05,3.3371940730830829,0.54786476511026194,3.0816238449915545e-05,0.57330765912411152,3.0816238449915545e-05,0.56347298738046447,3.0830449304630747e-05,0,1,44.457937272023642,0.08343055817857703,-266.77038001528604,-44.461663469607146,-44.46165457252286,-0.0037256497187385662,44.461663469607146,0,0
